Status,Txn Hash,Method,Deposit Value,Txn Fee,From,To,Block,Time
Success,8nrGWnN6YuPdsvULfj3UEHZDo73XYJh3PaFb25KuVQFA,ADD_KEY,0.0,4.1964925e-05,ilovetofu.near,ilovetofu.near,146241689,2025-05-10 17:06:13
Failed,9fbp81GrUpTfSz9bVj8q8oKcsGjNDEEF44MAf5rEmHbe,set_greeting,0.0,0.0001196306818456,ilovetofu.near,ilovetofu.near,146241701,2025-05-10 17:06:24
Success,D7rp5URALar55QDkmP2EMhE3yqcRSwNai4zGmuX3JvoK,ADD_KEY,0.0,4.1964925e-05,ilovetofu.near,ilovetofu.near,147787807,2025-05-22 05:59:51
Success,AYw8uMCpJhgP87vFxyBe4suMsbW16oksC245E4jRVrNm,ADD_KEY,0.0,4.1964925e-05,ilovetofu.near,ilovetofu.near,147997822,2025-05-23 18:00:46
Success,5TL3JtzYP3wXWaYgFZzPA3YAF18e1oujpkRK3TJK191e,ADD_KEY,0.0,4.1964925e-05,ilovetofu.near,ilovetofu.near,148133785,2025-05-24 17:02:02
Success,3q8kZxpqBWGe9SUSEdNNu2iRoJ7vs3Tmwye5pQMPagv9,ADD_KEY,0.0,4.1964925e-05,ilovetofu.near,ilovetofu.near,148390386,2025-05-26 12:24:12
Success,2tQtqVnSQaSHwC86ZoduQX4r5eZy2LcsyiPVkYJi3P3k,ADD_KEY,0.0,4.1964925e-05,ilovetofu.near,ilovetofu.near,148416265,2025-05-26 16:48:24
Success,CtLNEdXuzG5SkysV8MFZcsJ72NHLJaW92fWBA6thbmy9,ADD_KEY,0.0,4.1964925e-05,ilovetofu.near,ilovetofu.near,148417232,2025-05-26 16:58:16
Success,C49HKnLbdnU2d2byUE3QQPhY6Duoie8QunvS2wvaXQCF,subscribe,1.0,0.0010578417085706,9364149e580f0e86fe1c4046cc6aa5aba821b07fee2a9fa35048e25489a57469,ilovetofu.near,148492632,2025-05-27 05:42:39
Success,DfkaiDxvPdFrFqrPGVnVVzXDExaxdWqSbPoTpAq3QYPh,ADD_KEY,0.0,4.1964925e-05,ilovetofu.near,ilovetofu.near,148492793,2025-05-27 05:44:18
Success,33bmvc45Ev1uSNDWzrKjC9ZxrZ5H8tATYResuZ22oWC6,TRANSFER,0.3,4.46365125e-05,ilovetofu.near,ilovedahmo.near,148504925,2025-05-27 07:47:41
Success,E7ArRQnCX1FDwmXY5E9YdR2KtNdPc4GHkK7rUsaxmJda,ADD_KEY,0.0,4.1964925e-05,ilovetofu.near,ilovetofu.near,148516743,2025-05-27 09:48:07
Success,AJUJwn7eNzKmaUj9hEB4jMEN4DuSvFzwTMVHHShGEof5,subscribe,1.0,0.0010759140364643,9364149e580f0e86fe1c4046cc6aa5aba821b07fee2a9fa35048e25489a57469,ilovetofu.near,148553076,2025-05-27 15:59:31
Success,AzAm79WX38A3ct5i6XHko6WDCpwyvVcmzsURdVwEzfrd,TRANSFER,2.4819310848297995,4.46365125e-05,ilovetofu.near,ilovedahmo.near,148562741,2025-05-27 17:38:28
Success,5gZF6hFE9YPRyq2juxAuYNQhi4Bmn5hHRg2H4kcksLxU,useModel,0.0,0.0009960264161657,9364149e580f0e86fe1c4046cc6aa5aba821b07fee2a9fa35048e25489a57469,ilovetofu.near,148564139,2025-05-27 17:52:39
Success,Bfrxouwp7JfDhNTK8Du58i51ZwSDfYC9RP57wVvnapdZ,useModel,0.0,0.0009960264161657,9364149e580f0e86fe1c4046cc6aa5aba821b07fee2a9fa35048e25489a57469,ilovetofu.near,148564383,2025-05-27 17:55:07
Success,6BSAHhE3XM1r1PAmwympLXTYVvYbsLEtn3QqNuPM9AYU,useModel,0.0,0.0009882922491656,9364149e580f0e86fe1c4046cc6aa5aba821b07fee2a9fa35048e25489a57469,ilovetofu.near,148572964,2025-05-27 19:22:17
Success,4JsiW2vjBUBGHiDi7co62gs2u78WKmAeKGcmFA4GgkYr,useModel,0.0,0.0009910566403508,9364149e580f0e86fe1c4046cc6aa5aba821b07fee2a9fa35048e25489a57469,ilovetofu.near,148574874,2025-05-27 19:41:44
Success,DWZpfd85JdfGYyyBa32bcjWw7MBcxLCRabA3P2y7jzpz,useModel,0.0,0.00099160497374,9364149e580f0e86fe1c4046cc6aa5aba821b07fee2a9fa35048e25489a57469,ilovetofu.near,148575330,2025-05-27 19:46:22
Success,2LYa5VqMBv6rBTvot1XQu7xkQUFcv3wXfyJPj79WEg7j,useModel,0.0,0.0009960264161657,9364149e580f0e86fe1c4046cc6aa5aba821b07fee2a9fa35048e25489a57469,ilovetofu.near,148691805,2025-05-28 15:45:37
Success,329PPV3DPFUQj38dhyb7Z9bKwJyRGCSrFgncfKqKvdB6,subscribe,1.0,0.0010555568713796,stargazer87.near,ilovetofu.near,148694650,2025-05-28 16:14:31
Success,D4tBpkdJ9wW6F7aisG6JAtxu4WsB8WEG9CXCvV7Y5fcY,useModel,0.0,0.0009959921072717,stargazer87.near,ilovetofu.near,148694705,2025-05-28 16:15:04
Success,ZFbiyjM3HeocrXdR4m5Ptxr9qdbviyvj2YLfqtCHQeL,useModel,0.0,0.0009904633249013,stargazer87.near,ilovetofu.near,148694718,2025-05-28 16:15:12
Success,7nxBp49tRVMF5s5quzLbnjTtMTXdXBv8JbgkCxKxKRCZ,useModel,0.0,0.0009959921072717,stargazer87.near,ilovetofu.near,148694726,2025-05-28 16:15:17
Success,Gcj7GQaA2JHM9vPA1fPTSasG4s2DBdmi85sfWpQGayvy,useModel,0.0,0.0009959921072717,stargazer87.near,ilovetofu.near,148694734,2025-05-28 16:15:22
Success,B9upxqZgeisG2woJiG5yXAZFk825f2TXh5iTyPmtKD1L,subscribe,1.0,0.0010627454398154,sharpshirt4845.near,ilovetofu.near,148695259,2025-05-28 16:20:41
Success,35a8ovoyoY9yHobTkBRXj4BYKBUV4e246TrzYEA3mADj,useModel,0.0,0.0009904840480661,sharpshirt4845.near,ilovetofu.near,148695286,2025-05-28 16:20:58
Success,5TaUnMNcr4ZiRdM8SmPyppGh8Fqv25AmM5BFMNJv6rC2,useModel,0.0,0.0009904840480661,sharpshirt4845.near,ilovetofu.near,148695293,2025-05-28 16:21:02
Success,4eZdBCuQwLPde7xmanbgtv3sdfxqzQih8G41T9k4A7Jk,useModel,0.0,0.0009960128304365,sharpshirt4845.near,ilovetofu.near,148695298,2025-05-28 16:21:05
Success,F9is1CV9sJmmHv2zyMyQxT3bLtdjSdBLgna4XbN8n6im,useModel,0.0,0.0009904840480661,sharpshirt4845.near,ilovetofu.near,148695303,2025-05-28 16:21:08
Success,GXh8Ts4a18hKeoL2Nt98wR18wqZa1XU4oxVWn1RCQqkZ,subscribe,1.0,0.0010572030343586,busytower3017.near,ilovetofu.near,148695528,2025-05-28 16:23:25
Success,C3nBkyoi1uc4o3BMpA87jAQHNjXQ5iN3NghfnhWWY3R5,useModel,0.0,0.0009960063066677,busytower3017.near,ilovetofu.near,148695552,2025-05-28 16:23:40
Success,AqANcsqJtu1zadd1tZGeaABNVDd9FTzsQVodRp9DBXxM,useModel,0.0,0.0009960063066677,busytower3017.near,ilovetofu.near,148695558,2025-05-28 16:23:43
Success,GLmEX2ZZMqFKn5CfdhgBjcqRzeGvQKF9Pf36pvWs1pAd,useModel,0.0,0.0009960063066677,busytower3017.near,ilovetofu.near,148695563,2025-05-28 16:23:47
Success,6oQseKmeFWKAesHAF3K6PotTJVVqV8u6WeYVJTAcLwBR,useModel,0.0,0.0009960063066677,busytower3017.near,ilovetofu.near,148695568,2025-05-28 16:23:50
Success,BvDZ7ppUX8WB1HqFjcHofjuHYoiLhDGckicDGqNymFCD,subscribe,1.0,0.001057216657445,localwheat8769.near,ilovetofu.near,148695724,2025-05-28 16:25:25
Success,H2WdgRcWXgsZyiwwcQZYuNSKWLHjR5pSTLsLefSs6CuD,useModel,0.0,0.0009960128304365,localwheat8769.near,ilovetofu.near,148695745,2025-05-28 16:25:38
Success,2RH7TJifZLw2wNQZhXtkk5zd9VqHxn5qX5A68CwiLYfP,useModel,0.0,0.0009960128304365,localwheat8769.near,ilovetofu.near,148695751,2025-05-28 16:25:42
Success,GAreD4SnFKRYDHbqDsoRHRERmZjweKnxUWq2WuTRaRpZ,useModel,0.0,0.0009877196568809,localwheat8769.near,ilovetofu.near,148695757,2025-05-28 16:25:45
Success,MGLiYve3EvHFajfDQuu3YUxy12bHp4fZKbHbCgnuDvf,useModel,0.0,0.0009960128304365,localwheat8769.near,ilovetofu.near,148695763,2025-05-28 16:25:49
Success,iGkgs9JrFdGmvGMEJ1Z28pN5geD8ZnZP1xPJL9hgCaX,subscribe,1.0,0.001062731816729,goodtower4247.near,ilovetofu.near,148695942,2025-05-28 16:27:38
Success,73A8poaSP7fkJ5FYwdBAR1qdsgkTzgM3W3RBdfktfZRS,useModel,0.0,0.0009904775242973,goodtower4247.near,ilovetofu.near,148695967,2025-05-28 16:27:55
Success,CMbhT3chDj8t9r7JAkkXqRzaZn4pzwKeqZykacWavSdA,useModel,0.0,0.0009904775242973,goodtower4247.near,ilovetofu.near,148695973,2025-05-28 16:27:58
Success,J4QvFcf9KQraVSikaBrXS75bb6NFeLdzWtWyAjHBmGWM,useModel,0.0,0.0009960063066677,goodtower4247.near,ilovetofu.near,148695979,2025-05-28 16:28:02
Success,63PpRQsqNpN4VTppQLyriZP1CWMNGk3ckpRgtrTC1kwX,useModel,0.0,0.0009960063066677,goodtower4247.near,ilovetofu.near,148695984,2025-05-28 16:28:05
Success,HnfheLSTonoTR1VfMMKT3xsCDBbmxUCeqeXjjBiC9Zfs,TRANSFER,5.001441666130833,0.0008349895375,ilovetofu.near,9364149e580f0e86fe1c4046cc6aa5aba821b07fee2a9fa35048e25489a57469,148698373,2025-05-28 16:52:41
Success,BsfU22ScweGp9yCBrgAoprrvPLZ6XRyAVrgwVhGdesT4,TRANSFER,0.0001,4.46365125e-05,93641beb24754c1cd94de0649429ff4320dbec2a2cdb5dfb3b23379a1ca87469,ilovetofu.near,148698508,2025-05-28 16:54:04
Success,3hXJv3g5c8nuocurfxrY5PmsXMpzPPpF7sB5ymVQAL2t,subscribe,1.0,0.0010544341180154,majorhost1125.near,ilovetofu.near,148700098,2025-05-28 17:10:18
Success,AZy1oy7iV85vh6AdgjD7WB9iwaZyNxJF9rmnhQyhXdGK,useModel,0.0,0.0009904775242973,majorhost1125.near,ilovetofu.near,148700127,2025-05-28 17:10:36
Success,3vWsJf3TNTtjFGAdQVkQvuVzY94RJF7edRJwnC7bNvKi,useModel,0.0,0.0009877131331121,majorhost1125.near,ilovetofu.near,148700132,2025-05-28 17:10:39
Success,4hyrxZh7c5ur8147meuQkFrQGk5r2oyF3kkqqCUirGNr,useModel,0.0,0.0009904775242973,majorhost1125.near,ilovetofu.near,148700138,2025-05-28 17:10:43
Success,HusngzuHDiYgfxikLYgyPyqFBaJBB31bUTYerPwEBqhn,useModel,0.0,0.0009960063066677,majorhost1125.near,ilovetofu.near,148700144,2025-05-28 17:10:46
Success,ADGj8Wy4DbVzhKXWSS67q3B8fT7QGboaSmVWmaMozGw8,useModel,0.0,0.0009904775242973,majorhost1125.near,ilovetofu.near,148700150,2025-05-28 17:10:50
Success,7Lh7cwfqyfaHYa2FMiVYJThQ3vKRxdS7J2GSqzZpnVdY,subscribe,1.0,0.0010659476827562,sharpfrog1631.near,ilovetofu.near,148700303,2025-05-28 17:12:23
Success,4cGHf9FNeuJkmWPRzvzQ1pUu9JxFnBmw19drdu7mKBWg,useModel,0.0,0.0009877094307101,sharpfrog1631.near,ilovetofu.near,148700326,2025-05-28 17:12:38
Success,RkjyeWBBRXwKABegK2sZDt2R7C4PY1BnZcTrKDKscNt,useModel,0.0,0.0009877094307101,sharpfrog1631.near,ilovetofu.near,148700332,2025-05-28 17:12:42
Success,F6q1ChL7gQGXFEe9CCaSAnCAKwcwac1mNnSM1Y7eQN2p,useModel,0.0,0.0009960026042657,sharpfrog1631.near,ilovetofu.near,148700336,2025-05-28 17:12:44
Success,25o8PRABHjJi1YwUmkML8Hun5uAacydjoiHCktLUCurP,useModel,0.0,0.0009960026042657,sharpfrog1631.near,ilovetofu.near,148700342,2025-05-28 17:12:48
Success,CU5so82df9z2x9nFJKidpq9DWvTKNiqgmvxjkUJoVS6M,useModel,0.0,0.0009960026042657,sharpfrog1631.near,ilovetofu.near,148700347,2025-05-28 17:12:51
Success,HJHqVVDepG1WR4iJ5RkNNRgAiZRTQxHoMjqtFYoJzRqj,useModel,0.0,0.0009960026042657,sharpfrog1631.near,ilovetofu.near,148700352,2025-05-28 17:12:54
Success,ByDFfJwEG2KNNYguSPEEcNsZsP7AhZMLXFxJLMVRNcK1,useModel,0.0,0.0009960026042657,sharpfrog1631.near,ilovetofu.near,148700357,2025-05-28 17:12:57
Success,HEREfh75FpPKxn2e9DbhSLN4kewzFRjoDdvMn9da9PQc,useModel,0.0,0.0009904738218953,sharpfrog1631.near,ilovetofu.near,148700363,2025-05-28 17:13:01
Success,4pwrgefKh1N8q7YhP9UNFAr94u2sJkozxSazvUz7nUbW,subscribe,1.0,0.0010571829937754,neatherb8915.near,ilovetofu.near,148700603,2025-05-28 17:15:27
Success,797yS69XtaCKVrMfagg5DpYJfqg7XXmNHMWbFFnGwMP8,useModel,0.0,0.0009959986310405,neatherb8915.near,ilovetofu.near,148700627,2025-05-28 17:15:42
Success,DtgXQVK2Kgs2hPZXqes9qYSYi8TwwkzrsRJzceh6jdMr,useModel,0.0,0.0009904698486701,neatherb8915.near,ilovetofu.near,148700633,2025-05-28 17:15:46
Success,5cwo2e3Nri1Um12PFBvxAYxZRvhfk8DfXVQySpHz5VQH,useModel,0.0,0.0009904698486701,neatherb8915.near,ilovetofu.near,148700638,2025-05-28 17:15:49
Success,L1PKydZkZoweCqsXP93hFuji9QJnvW19KnAoaD7ALVQ,useModel,0.0,0.0009904698486701,neatherb8915.near,ilovetofu.near,148700644,2025-05-28 17:15:52
Success,DBzcCrETeMWSVaNMbyjWV5f9WXzmmvgr6tHGqvAb5j7V,useModel,0.0,0.0009959986310405,neatherb8915.near,ilovetofu.near,148700649,2025-05-28 17:15:55
Success,GSsjjaEHHazGaVNfUQW1V2aYG46yFAgtBqN8jaHCwnV8,useModel,0.0,0.0009959986310405,neatherb8915.near,ilovetofu.near,148700655,2025-05-28 17:15:59
Success,E9uVU4AyUmwmq9bpFpB7FXoziys1odiSVpRb9XQ1U3eT,subscribe,1.0,0.0010627140798626,easysalt2586.near,ilovetofu.near,148700773,2025-05-28 17:17:11
Success,G8ZsNAA2ej3wp8YFAu6kybp8MbUTQBstV4jxxAn8bSA8,useModel,0.0,0.0009904155467741,easysalt2586.near,ilovetofu.near,148700796,2025-05-28 17:17:25
Success,vadLnoBrsTv9uM25yFg1MCg3Mgjdr4iZhRBMmJh5Gug,useModel,0.0,0.0009959443291445,easysalt2586.near,ilovetofu.near,148700801,2025-05-28 17:17:28
Success,3uuqf3Z6QRe7dEocvuiCgrCcKz1nskPxFmR1e8ZKSvCf,useModel,0.0,0.0009959443291445,easysalt2586.near,ilovetofu.near,148700807,2025-05-28 17:17:32
Success,Bij6DX8qHMCXMuNKFQ2DjPhFDUKwm7FU4kkR3ra2kDmT,useModel,0.0,0.0009959443291445,easysalt2586.near,ilovetofu.near,148700824,2025-05-28 17:17:42
Success,DX2jU8Sr2qKHbnAfGF6nQEKJHKZd9XnKaYHvBSFXVbdy,useModel,0.0,0.0009959443291445,easysalt2586.near,ilovetofu.near,148700829,2025-05-28 17:17:45
Success,66wXcVNmnyVpHsHb9xiif1C4eQCkKfGxSV32JbLsWH7X,useModel,0.0,0.0009959443291445,easysalt2586.near,ilovetofu.near,148700835,2025-05-28 17:17:49
Success,85dmXkMCPkRU4n3r1mDPj3X3rGBM3YhFPcXRvVqmgFTH,useModel,0.0,0.0009904155467741,easysalt2586.near,ilovetofu.near,148700840,2025-05-28 17:17:52
Success,Ff4fzhFGfC2pPUaz88APX88SK68wRy9J7ALWZmZMFQRz,useModel,0.0,0.0009959443291445,easysalt2586.near,ilovetofu.near,148700846,2025-05-28 17:17:55
Success,2ZKZcQDprRVf9sgHBpkPopYwbz9bsJ6tbfyAa3imj29M,useModel,0.0,0.0009959443291445,easysalt2586.near,ilovetofu.near,148700851,2025-05-28 17:17:59
Success,AV25BhrNpBhUGGPrb8NuLWaeo26qXQvkgCBzxoeqtuNm,useModel,0.0,0.0009904155467741,easysalt2586.near,ilovetofu.near,148700857,2025-05-28 17:18:02
Success,8a6ypHrB18RcCa4bXEy9mRurJmcu1fYWFiNfTAZoyGNx,useModel,0.0,0.0009959443291445,easysalt2586.near,ilovetofu.near,148700862,2025-05-28 17:18:05
Success,4Ex7pHhcQatVmxAba8JEsehbuWmU3bF9bQwQScxqPfj2,useModel,0.0,0.0009959443291445,easysalt2586.near,ilovetofu.near,148700869,2025-05-28 17:18:09
Success,DVHv2KX5XTfF4LH7afhYTBcHkpWUk8gCQC7mHcMiT8u3,subscribe,1.0,0.0010576367723342,sweettea5365.near,ilovetofu.near,148701213,2025-05-28 17:21:40
Success,5cC1HSZFW5dUHf9XwnFdJUhVFyz55qULrCHp1xeupynN,useModel,0.0,0.0009959986310405,sweettea5365.near,ilovetofu.near,148701238,2025-05-28 17:21:56
Success,2mYvybtpxWuBj2LFVAhzLigD7a7hFFwyiaQqyfYYEu2Y,useModel,0.0,0.0009959986310405,sweettea5365.near,ilovetofu.near,148701244,2025-05-28 17:22:00
Success,3cbMrnjtsr9ZaWS2cceaJMSmpZwg6irVAfYbn5DhK9K4,useModel,0.0,0.0009904698486701,sweettea5365.near,ilovetofu.near,148701249,2025-05-28 17:22:03
Success,BVhSkkwJQYWh3wCDJ86YDo4ejDMMQu74uFAw5rczxsQX,useModel,0.0,0.0009959986310405,sweettea5365.near,ilovetofu.near,148701255,2025-05-28 17:22:06
Success,AKXdk93SaQg2h9A48NApKFKzBac49W58dSHxZQhXtgmS,useModel,0.0,0.0009904698486701,sweettea5365.near,ilovetofu.near,148701260,2025-05-28 17:22:09
Success,5XwjDh4ecGe35wcRxrKGfiHa3uPqFQacFRgd2nnqYyYc,useModel,0.0,0.0009959986310405,sweettea5365.near,ilovetofu.near,148701266,2025-05-28 17:22:13
Success,8EExQ9ywxqvLKcmvjxmdHbf4qKJLa5RtvmSv3q5n4p1X,useModel,0.0,0.0009959986310405,sweettea5365.near,ilovetofu.near,148701272,2025-05-28 17:22:17
Success,466KSPHvjCNVEaqqCoSssLRXvpMB7JaJW6ApNqCvrxrF,useModel,0.0,0.0009904698486701,sweettea5365.near,ilovetofu.near,148701278,2025-05-28 17:22:20
Success,Bmy8a6i2TUwyoHoBuUnWaUmUqzJ8djWZhkUAoPjM6Vuc,useModel,0.0,0.0009959986310405,sweettea5365.near,ilovetofu.near,148701284,2025-05-28 17:22:24
Success,Gm2J9XwsMp115csQe36bAvzfp34Zph1LyEHiYBWcuZ16,useModel,0.0,0.0009959986310405,sweettea5365.near,ilovetofu.near,148701289,2025-05-28 17:22:28
Success,AAyHWZzM1nwGiqdLNEFLw5fKRCLqbNPx521DNGG5Zh8H,useModel,0.0,0.0009959986310405,sweettea5365.near,ilovetofu.near,148701295,2025-05-28 17:22:31
Success,DmHVPhjqRSrrpdw9doXS4fiJhaEGKV5oEYZEhkZy7QMy,TRANSFER,4.984803650833168,0.0008349895375,ilovetofu.near,9364149e580f0e86fe1c4046cc6aa5aba821b07fee2a9fa35048e25489a57469,148701425,2025-05-28 17:23:51
Success,HN9yxxST2RbKohEu3AhKcLvfk8SVKzW9gcMTji8P6Tgf,TRANSFER,0.0001,4.46365125e-05,93641beb24754c1cd94de0649429ff4320dbec2a2cdb5dfb3b23379a1ca87469,ilovetofu.near,148701568,2025-05-28 17:25:22
Success,GGssjyTzWGKoB7XL4LsJ69Fzdk2g2YVEPJSRMf78Q8qo,ADD_KEY,0.0,4.1964925e-05,ilovetofu.near,ilovetofu.near,148768194,2025-05-29 04:43:04
Success,3FNqjVHr49zkicWS4msDh6pKeD9NiWK3dBdN5xageaGg,useModel,0.0,0.0009959356688431,ilovetofu.near,ilovetofu.near,148771132,2025-05-29 05:13:33
Success,HPd2zeDCTSXyfHQhMqUyWXh7Pu45WdAm1UspS6cFKCGQ,useModel,0.0,0.0009959356688431,ilovetofu.near,ilovetofu.near,148771526,2025-05-29 05:17:36
Success,DzCdshCi8dDAKpqWxu8EeLpo8q6BmQNiprrCNS6LDznw,useModel,0.0,0.0009959356688431,ilovetofu.near,ilovetofu.near,148771680,2025-05-29 05:19:10
Success,7mnnBPrwiXKk8frbri2js3zYQcUMYQwMQqPKFodbVsTc,useModel,0.0,0.0009959356688431,ilovetofu.near,ilovetofu.near,148772020,2025-05-29 05:22:39
Success,837XPPXAeeMo2SDvkr4Vwn4RQrxLYavNfeb8fUmKLDbL,subscribe,1.0,0.001062670001855,proudbear.near,ilovetofu.near,148824400,2025-05-29 14:20:59
Success,D3eLantMnLaQjyndwjJ6PyKT1PYYC42MRi4emzMUcS92,useModel,0.0,0.0009876277996049,proudbear.near,ilovetofu.near,148824447,2025-05-29 14:21:28
Success,A3UcrNyx4B5okdPVi2kPFsnsQ3QVimJZkqxv4unTguhu,useModel,0.0,0.0009959209731605,proudbear.near,ilovetofu.near,148824457,2025-05-29 14:21:34
Success,DtDMD7DkqKQF2mJSCbYNo32ruMSuZtnoqVL99NpJBqoP,useModel,0.0,0.0009959209731605,proudbear.near,ilovetofu.near,148824470,2025-05-29 14:21:42
Success,DtJjmqU4nL6wuGxSvb3ysMS3iwM5PjKd1uqqLGSjY4CL,useModel,0.0,0.0009959209731605,proudbear.near,ilovetofu.near,148824732,2025-05-29 14:24:22
Success,9mAo67KZSDVonvXd1BkWhvgC8rnrk5H2HyDmphNDHvRB,useModel,0.0,0.0009959209731605,proudbear.near,ilovetofu.near,148824779,2025-05-29 14:24:51
Success,69ieUE3oJ5Fq9V1n7sCTnUT4eNWLVTT3s7TnzqWKSEqA,useModel,0.0,0.0009903921907901,proudbear.near,ilovetofu.near,148824827,2025-05-29 14:25:20
Success,7YvZiLWTD4PQRFx6gWPXHXxga6A3mk2Ad7hRvjyJ9phB,useModel,0.0,0.0009903921907901,proudbear.near,ilovetofu.near,148825026,2025-05-29 14:27:22
Success,HfK8HEABSAJDML6vNvbnFj49Cfozvz4HsEAh6yTSFTrj,useModel,0.0,0.0009959356688431,ilovetofu.near,ilovetofu.near,148932622,2025-05-30 08:42:57
Success,3jnuuQfpoeg5pRFd1WRVY8dwERL6yUu3T5k1PjKzs6RK,useModel,0.0,0.0009959356688431,ilovetofu.near,ilovetofu.near,148933039,2025-05-30 08:47:16
Success,DSndqNtWnb1jhSnHzVkZsuPVLDiXBEH617GRx53h9Dk4,useModel,0.0,0.0009959356688431,ilovetofu.near,ilovetofu.near,148933046,2025-05-30 08:47:21
Success,CWVLCdzg2h4ZZnxrn8tHabgzFB3i7ys8FFiAUucSVcya,useModel,0.0,0.0009959356688431,ilovetofu.near,ilovetofu.near,148933522,2025-05-30 08:52:12
Success,AfWm9XJfQahZSBLvYvnHEzxu9hig4QwMFbk4zpAXczom,subscribe,1.0,0.0010626936279014,wethare2474.near,ilovetofu.near,148933737,2025-05-30 08:54:24
Success,Dw1yghKsx8ePc6UaatejZWxfJSZr7k7ReeabBBjMof2B,useModel,0.0,0.0009959921072717,wethare2474.near,ilovetofu.near,148933778,2025-05-30 08:54:49
Success,GoqyEUJdcGKVfYSqDuKUjmeUL55k7cyRdbAKaVKjzSak,useModel,0.0,0.0009959921072717,wethare2474.near,ilovetofu.near,148933789,2025-05-30 08:54:56
Success,ESy3FaNjMK1BbjK3HA1LQEHqRqfqprP2frpD2tchkxQD,useModel,0.0,0.0009959921072717,wethare2474.near,ilovetofu.near,148933800,2025-05-30 08:55:03
Success,9BNkcE5JVWs4TH1W9ixUrx6de1xtaYDzWqpMUCWi8ALx,useModel,0.0,0.0009959921072717,wethare2474.near,ilovetofu.near,148933810,2025-05-30 08:55:09
Success,4PGyv7UeYvsGEbmiVQgqF1jakmYq3bBkXG1mdWuFXZU9,useModel,0.0,0.0009959921072717,wethare2474.near,ilovetofu.near,148933819,2025-05-30 08:55:14
Success,EHrQaa7dQAAhn4qaCmk9Ydfkxnj9XrDKCoqRfrPymZYy,useModel,0.0,0.0009959921072717,wethare2474.near,ilovetofu.near,148933829,2025-05-30 08:55:21
Success,9ipziXn6HM7Bf57EgFz1BHwJnTXZWZ2z27QiZPBMaXKo,useModel,0.0,0.0009959921072717,wethare2474.near,ilovetofu.near,148933840,2025-05-30 08:55:27
Success,D3eqNQvwKaJTq3zhCU1L81sbhbhMA9dHfQUJcHRu7Vvz,useModel,0.0,0.0009959921072717,wethare2474.near,ilovetofu.near,148933853,2025-05-30 08:55:35
Success,24whR5FofG1NoeQ9MMSkYHTTmz9AMvcEfNok2sYu4Zst,useModel,0.0,0.0009959921072717,wethare2474.near,ilovetofu.near,148933864,2025-05-30 08:55:42
Success,EPju2754mqbM6gzCSWHKvE6UM5nW6fAB7zLJFjpkd1xX,subscribe,1.0,0.0010643219717384,nearzest1919.near,ilovetofu.near,148934029,2025-05-30 08:57:23
Success,71PKo33Ws6B9jexL4VV2rCKmadNT6xsevsZakedJEyYx,useModel,0.0,0.0009959986310405,nearzest1919.near,ilovetofu.near,148934059,2025-05-30 08:57:41
Success,5FPTXL9JSJwTanxGKDmxe4LpVhEjJZdHaAuLd7YDjYSe,useModel,0.0,0.0009959986310405,nearzest1919.near,ilovetofu.near,148934068,2025-05-30 08:57:47
Success,6pDv2jkiv84d32SVeu4s2Mdy64RD43rutNN9pP5UZTqZ,useModel,0.0,0.0009959986310405,nearzest1919.near,ilovetofu.near,148934078,2025-05-30 08:57:52
Success,81sDbBThKe9KaHrLEXdPc5Naabhf2xhYTBhFrpG7b7Zp,useModel,0.0,0.0009959986310405,nearzest1919.near,ilovetofu.near,148934090,2025-05-30 08:58:00
Success,9uCbcZ7RC349vqnqQFQ2pwBUToP8E3U4rwYUnfYHBBYz,useModel,0.0,0.0009959986310405,nearzest1919.near,ilovetofu.near,148934099,2025-05-30 08:58:05
Success,BGCrd1zw9b7y4EWySuuhxS23xxU9kXpdb2tss9VVN7L2,TRANSFER,0.0,0.0009959986310405,nearzest1919.near,ilovetofu.near,148934109,2025-05-30 08:58:11
Success,9HHtz9qiSfGS8AhzcYHo2KWBCQ6oJGozMUPhti1a2UAd,useModel,0.0,0.0009959986310405,nearzest1919.near,ilovetofu.near,148934119,2025-05-30 08:58:17
Success,8i34N4zQmzBZ8xEjqT5FZxBnoyzmuGBiLiMzUt5f4i8x,useModel,0.0,0.0009904698486701,nearzest1919.near,ilovetofu.near,148934129,2025-05-30 08:58:23
Success,95EMQQjpkg5yexx4WsCAUNV6hfrEM7dt451rCYMvrZZM,useModel,0.0,0.0009959986310405,nearzest1919.near,ilovetofu.near,148934144,2025-05-30 08:58:33
Success,HEtgwTcTLqBbhcuVnjNWwSLAAkJeMzvtxCjjRQvKxTdv,useModel,0.0,0.0009959986310405,nearzest1919.near,ilovetofu.near,148934153,2025-05-30 08:58:38
Success,146QGizs2STAbahJo6mXcFszjWaK71nDGpY1UZELtopw,subscribe,1.0,0.0010627295130122,happylynx7273.near,ilovetofu.near,148934303,2025-05-30 09:00:10
Success,FvmthyvMDtm96d1rgxfhbLhCqCRcNaXa4WcjyW7dKNAo,useModel,0.0,0.0009960063066677,happylynx7273.near,ilovetofu.near,148934336,2025-05-30 09:00:30
Success,AdVrxVKGfxXNW4jon1U3w2Mj27Us77aGdQNanNNK8qBS,useModel,0.0,0.0009960063066677,happylynx7273.near,ilovetofu.near,148934347,2025-05-30 09:00:37
Success,C5ZnyPa6T5dkdcERdf8ybtWhDbRgwcq8TyKih6CC4nhz,useModel,0.0,0.0009877131331121,happylynx7273.near,ilovetofu.near,148934358,2025-05-30 09:00:44
Success,DVxgvFi7GmsS86c48PUfD13hrjEQRgZM7rNiEJcbgidk,useModel,0.0,0.0009960063066677,happylynx7273.near,ilovetofu.near,148934369,2025-05-30 09:00:51
Success,GF8vxwfdeb7WPZr3h7fkRfiPNY6E49vGTXhE1P5vdShx,useModel,0.0,0.0009960063066677,happylynx7273.near,ilovetofu.near,148934378,2025-05-30 09:00:56
Success,D1gnjWdG82yLJHZtZ85FjaUpdBuCEvY7WwuMfKhZLiNB,useModel,0.0,0.0009960063066677,happylynx7273.near,ilovetofu.near,148934391,2025-05-30 09:01:04
Success,4PKsZfBh1hdHWzDpxfZumV4iVMnc3kKFiVYPAiKTCN4z,subscribe,1.0,0.001057169370689,rudeyam6959.near,ilovetofu.near,148934609,2025-05-30 09:03:18
Success,BdkbfR1tHcJb5ujG7Ed1QBgqz4kRCdHSo2FNf8ub5ttk,useModel,0.0,0.0009959921072717,rudeyam6959.near,ilovetofu.near,148934642,2025-05-30 09:03:38
Success,HP5xLXaZHUZaZAwkH72oB3YPsyJJgwL8Q48EJsc8H9CG,useModel,0.0,0.0009959921072717,rudeyam6959.near,ilovetofu.near,148934652,2025-05-30 09:03:44
Success,Dpx3BZkdxfDFCzsSKWTHvSeLwMv58d23X7pKhK71FF1H,useModel,0.0,0.0009904633249013,rudeyam6959.near,ilovetofu.near,148934662,2025-05-30 09:03:50
Success,9uFT2ye8VWSJor5k6aNYwcCrKrRmcPuRxPfgcjG3PvFj,useModel,0.0,0.0009959921072717,rudeyam6959.near,ilovetofu.near,148934671,2025-05-30 09:03:56
Success,D1gdR2Hruc9BZW5RCLLnweWHE3tQJCX735BnndtyeSu4,subscribe,1.0,0.0010643579391248,bigkingdom1065.near,ilovetofu.near,148934869,2025-05-30 09:05:58
Success,9YyUuvhgb7zPJiYQiQKi2bcaW2iMDqRPspDQJiQ3JHpn,useModel,0.0,0.0009960128304365,bigkingdom1065.near,ilovetofu.near,148934907,2025-05-30 09:06:21
Success,82sfxUgC3hLWJCg756X5PeUBMznyagBja5J78ruYfLqe,useModel,0.0,0.0009904840480661,bigkingdom1065.near,ilovetofu.near,148934918,2025-05-30 09:06:28
Success,C3Mcz4RefADmFpCjrJjjwP7H83fY5NnPu7JHUcvqVaRt,useModel,0.0,0.0009960128304365,bigkingdom1065.near,ilovetofu.near,148934928,2025-05-30 09:06:34
Success,8SPC99TGpzujFr2BdkkTmNGG1CZf83NmhXMYeBLSe7Lk,useModel,0.0,0.0009904840480661,bigkingdom1065.near,ilovetofu.near,148934938,2025-05-30 09:06:40
Success,5VWuLMpaYgj1KR8TH6r9zFCJ5DUV5GbWQ9GCjFpFQTQ2,useModel,0.0,0.0009904840480661,bigkingdom1065.near,ilovetofu.near,148934947,2025-05-30 09:06:46
Success,AQbqVGTo6uamnooGuFdqwBaBuanSawDh4tZ8SZhBHQRc,TRANSFER,0.095427681840816,4.46365125e-05,bigkingdom1065.near,ilovetofu.near,148935018,2025-05-30 09:07:29
Success,9Xj6PXBB5nTp1i4WRDrd96zdiPRQ82K87oQeNRLLk2Dm,TRANSFER,6.092605220969432,0.0008349895375,ilovetofu.near,9364149e580f0e86fe1c4046cc6aa5aba821b07fee2a9fa35048e25489a57469,148985003,2025-05-30 17:39:42
Success,EaRovrNaHeBwVDwHdKthbswFHHSyyabut4eoe6gLHQ37,TRANSFER,0.0001,4.46365125e-05,93641beb24754c1cd94de0649429ff4320dbec2a2cdb5dfb3b23379a1ca87469,ilovetofu.near,148985144,2025-05-30 17:41:08
Success,GqDQfaQrPyrnZh97PqjxNT4KtvgDdk1a2VH9Cyu2a7AZ,subscribe,1.0,0.0010627117761458,tinyfile6799.near,ilovetofu.near,148986404,2025-05-30 17:53:57
Success,6AYF1bcUNNAc6meUXHj8uDvBGzr7ModukRbc2MmCs14P,useModel,0.0,0.0009904698486701,tinyfile6799.near,ilovetofu.near,148986437,2025-05-30 17:54:17
Success,56T54yfFVqWwTaxq4oLHeqQojkZisUmnmBpdJy3tgkv5,useModel,0.0,0.0009959986310405,tinyfile6799.near,ilovetofu.near,148986446,2025-05-30 17:54:22
Success,HHHPVZSa7x29HVFBMfMoZC6zuuGbJw1ZQCyApk4DR7rq,useModel,0.0,0.0009959986310405,tinyfile6799.near,ilovetofu.near,148986454,2025-05-30 17:54:27
Success,GV82ZCWfeQf5GLrUTh6WwfaUh92bWT4nUxHPx3gcM4YK,useModel,0.0,0.0009959986310405,tinyfile6799.near,ilovetofu.near,148986462,2025-05-30 17:54:32
Success,ArgtyA2o3hyuFYM8tJWAU6amMJbKrpckKjV2KHbmTjDd,useModel,0.0,0.0009959986310405,tinyfile6799.near,ilovetofu.near,148986470,2025-05-30 17:54:37
Success,ChuUUwocbDZnrKpdQ9CPxvsYKE8W36rpLGCDQXQMWPyQ,useModel,0.0,0.0009959986310405,tinyfile6799.near,ilovetofu.near,148986476,2025-05-30 17:54:41
Success,8PrUM9MnZxteysF3NcNm2tYp9nWdom95UqtS5FoQEH59,subscribe,1.0,0.0010659681347174,squareherb6657.near,ilovetofu.near,148986885,2025-05-30 17:58:52
Success,5FBYEG9h1eLiHnU3TiojCM4M8DKoAESvoZ4mKYBDoXaw,useModel,0.0,0.0009960128304365,squareherb6657.near,ilovetofu.near,148986919,2025-05-30 17:59:12
Success,EJzY2m8iyHKnLoeuTA5CNQLPZtfoHfpwmq5F2CtjsWxM,useModel,0.0,0.0009960128304365,squareherb6657.near,ilovetofu.near,148986927,2025-05-30 17:59:17
Success,6nnho4mwvGeentqEYnyDcvTnLUasi1YCjKLuVmZprwva,useModel,0.0,0.0009904840480661,squareherb6657.near,ilovetofu.near,148986935,2025-05-30 17:59:22
Success,3ZHvvRGbLgkYfFpxJGdEs71rhtr6J89xJgxhej5xCK6m,useModel,0.0,0.0009960128304365,squareherb6657.near,ilovetofu.near,148986943,2025-05-30 17:59:27
Success,6pah86rHEqeqCLNuFXpanHonageCTvKKRHycoGkz8Pxc,useModel,0.0,0.0009960128304365,squareherb6657.near,ilovetofu.near,148986950,2025-05-30 17:59:31
Success,E5FhLMGYBSidcWSv95jEe6hkhMUjPBoSmec4HepsqhU1,useModel,0.0,0.0009960128304365,squareherb6657.near,ilovetofu.near,148986958,2025-05-30 17:59:36
Success,4NDXHyZcBu4pBcyAsrV2nMHb6fVZP79utrNXkrT6a5x4,useModel,0.0,0.0009960128304365,squareherb6657.near,ilovetofu.near,148986966,2025-05-30 17:59:41
Success,CSvNQ9tb3ei2Ry1J7gUFsVBew8yro69XUDgx5oQ84oAS,useModel,0.0,0.0009960128304365,squareherb6657.near,ilovetofu.near,148986974,2025-05-30 17:59:46
Success,5bo1G5ggPNcCZ2RtG3M9Xvu39AFLLcqryuYLsD75QHhw,useModel,0.0,0.0009960128304365,squareherb6657.near,ilovetofu.near,148986981,2025-05-30 17:59:50
Success,6SkqHyQgvddCt1acqZKtsXSzyh6soA7Z33yxiGYLEZ2d,useModel,0.0,0.0009960128304365,squareherb6657.near,ilovetofu.near,148986989,2025-05-30 17:59:55
Success,YDQ3SQvYujKdotphpnMHVyoFF6wFR3gDBw36aXMJsJY,useModel,0.0,0.0009904840480661,squareherb6657.near,ilovetofu.near,148986996,2025-05-30 17:59:59
Success,GCUxQNJ8gedrPwbNj8PgtbsCzzvpgSGAnApQTq3D3nkv,useModel,0.0,0.0009960128304365,squareherb6657.near,ilovetofu.near,148987003,2025-05-30 18:00:04
Success,4JyADwjJoLkodkNZTQVDQBT925jb4TPx39YLc5nPo3G1,useModel,0.0,0.0009904840480661,squareherb6657.near,ilovetofu.near,148987011,2025-05-30 18:00:09
Success,HMZUrA8TupcbChJmy28aaMxu2vCjyL1pvKqh8wS1UikK,useModel,0.0,0.0009960128304365,squareherb6657.near,ilovetofu.near,148987018,2025-05-30 18:00:13
Success,CcFcVCQG8qqN3HzRCz4neJMn1mTwMrkV1u52p5tLRAHn,useModel,0.0,0.0009960128304365,squareherb6657.near,ilovetofu.near,148987026,2025-05-30 18:00:18
Success,y6PdznkGdsxLUQ6YE2bKyDAtcz7edyCnzGXrjiqWZgg,subscribe,1.0,0.0010604033849606,soondome1221.near,ilovetofu.near,148987153,2025-05-30 18:01:36
Success,1jiuNtsxJJsf8SS53JHqDnoJw9k8K954gcxWC36DjG5,useModel,0.0,0.0009904698486701,soondome1221.near,ilovetofu.near,148987177,2025-05-30 18:01:51
Success,7GVBpnqbqasEcHaAg9XYVuR4FS8BLrMWJ7BxX4oEoVUB,useModel,0.0,0.0009904698486701,soondome1221.near,ilovetofu.near,148987186,2025-05-30 18:01:56
Success,FwTLcdA6UzLjvJ4UvgUZP2RJyZREQaRwAZ3mEReanufM,useModel,0.0,0.0009959986310405,soondome1221.near,ilovetofu.near,148987194,2025-05-30 18:02:01
Success,6UJD8qvHPqrVLJtm8TLUyBZRbGN2q6JijWnVhuSkbrRN,useModel,0.0,0.0009959986310405,soondome1221.near,ilovetofu.near,148987202,2025-05-30 18:02:06
Success,KNn2qEa3ZaKpjfmkZNySaq4EcESTvuoKDVFXXepr8br,useModel,0.0,0.0009959986310405,soondome1221.near,ilovetofu.near,148987209,2025-05-30 18:02:10
Success,AxnCYqycWrap3LNKvrmJaC5Ke9hUd7SnubBWNoJCyWrz,useModel,0.0,0.0009959986310405,soondome1221.near,ilovetofu.near,148987220,2025-05-30 18:02:17
Success,GzFcce1VxHdqo2sqMJqPFjZnwy7B8ibNwjTpXixhkLBT,useModel,0.0,0.0009959986310405,soondome1221.near,ilovetofu.near,148987227,2025-05-30 18:02:22
Success,B64dsvgdCUqThmByqYMWGmievQfFeKL1ZQBtozbH8EDL,useModel,0.0,0.0009959986310405,soondome1221.near,ilovetofu.near,148987235,2025-05-30 18:02:26
Success,TPmeqw9BGjLYkQR9tUios7B5RyuWd9BRCEBqkWEoWnk,useModel,0.0,0.0009904698486701,soondome1221.near,ilovetofu.near,148987243,2025-05-30 18:02:31
Success,E69C7jtbsRQ4jyH5R7GzNuPH1yNjMshQR9fm3FXCKay6,subscribe,1.0,0.0010560265767416,hardlink8404.near,ilovetofu.near,148987389,2025-05-30 18:04:00
Success,3A14dRTJVRgaG1we4mEJe5Spfhwf9BD6F7hXEkzrBnhL,useModel,0.0,0.0009959986310405,hardlink8404.near,ilovetofu.near,148987413,2025-05-30 18:04:15
Success,Dsi99zDA27x1HZ6k1bdybnCdkDeku5kBDErqQjzSWMdL,useModel,0.0,0.0009959986310405,hardlink8404.near,ilovetofu.near,148987421,2025-05-30 18:04:20
Success,9T1mpSC61S8Z2hYi7a7jxh8jHc3y6zx3aJWRfa5Z71CC,useModel,0.0,0.0009904698486701,hardlink8404.near,ilovetofu.near,148987429,2025-05-30 18:04:24
Success,CkFtXoMkT4KPwB1N9QJNTi4j88AaVhj12PwzXXxnWyfp,useModel,0.0,0.0009904698486701,hardlink8404.near,ilovetofu.near,148987437,2025-05-30 18:04:29
Success,Hb7kcxRneWJY9wFZKeLJvLLDqY6U4mJw4vnfTpsUoCQc,subscribe,1.0,0.0010588268530376,normalpant3119.near,ilovetofu.near,148987562,2025-05-30 18:05:46
Success,7JSaq1eyNkRuRTKvfN5DXMkUoyWe1YfBN3vTUDWS7PJC,useModel,0.0,0.0009960448356449,normalpant3119.near,ilovetofu.near,148987589,2025-05-30 18:06:03
Success,Eo4Dz2icW84FqRnnN6mi8pAWc8U8F43xLY8S7F65Eaca,useModel,0.0,0.0009960448356449,normalpant3119.near,ilovetofu.near,148987597,2025-05-30 18:06:08
Success,CEdJAcvisb4ud8q7xJKj1bbHXyRTyvrYEM1QxF1bV4eJ,useModel,0.0,0.0009905160532745,normalpant3119.near,ilovetofu.near,148987604,2025-05-30 18:06:12
Success,47wL2aq1WwGnrRbDBNQntaEt8xUQhJKVWd6zXZ8NMJv8,useModel,0.0,0.0009960448356449,normalpant3119.near,ilovetofu.near,148987612,2025-05-30 18:06:17
Success,HsasQUF8DU6iW4RbHobMZn2n2Zed6FXcrgCGFNyHYZWt,useModel,0.0,0.0009905160532745,normalpant3119.near,ilovetofu.near,148987623,2025-05-30 18:06:23
Success,9iL2wfo9zLyfL568reZdXmRYpYgasT9BCdp7Qcm5gbSM,useModel,0.0,0.0009960448356449,normalpant3119.near,ilovetofu.near,148987631,2025-05-30 18:06:28
Success,C3zgG9egvmajCeqEV97rcag4t3yoyvgGJwUJV3VhLmpu,TRANSFER,5.004601157698828,0.0008349895375,ilovetofu.near,9364149e580f0e86fe1c4046cc6aa5aba821b07fee2a9fa35048e25489a57469,148987769,2025-05-30 18:07:53
Success,J6qaquaG5MHs3BPdEXAA4FYzqmjjpD5hAm7z6YzSfN3w,TRANSFER,0.0001,4.46365125e-05,93641beb24754c1cd94de0649429ff4320dbec2a2cdb5dfb3b23379a1ca87469,ilovetofu.near,148987900,2025-05-30 18:09:12
Success,GxSUKzg7v4HkoDLfgtKHTz2m6jdkGa4MLnMg3KFjg4ko,subscribe,1.0,0.0010572030343586,cuteviper7858.near,ilovetofu.near,148988377,2025-05-30 18:14:10
Success,GWPMseHjX8UDnw8ABr8obHxxKt773cYBsxTWLqLYHJj5,useModel,0.0,0.0009904775242973,cuteviper7858.near,ilovetofu.near,148988404,2025-05-30 18:14:26
Success,CRjBSgD763K5rELYzinHdy4a1fXHxJfwiN35XvBd6PPx,useModel,0.0,0.0009904775242973,cuteviper7858.near,ilovetofu.near,148988413,2025-05-30 18:14:33
Success,5NroG8DCxEWDW2Qz9pGJ7EkJidypBiibhc57iSeWG7X2,useModel,0.0,0.0009960063066677,cuteviper7858.near,ilovetofu.near,148988423,2025-05-30 18:14:39
Success,98Ds97cLAEDjAEJRwMnY9vWK2E36qwRGK1UEXhWXJruv,useModel,0.0,0.0009960063066677,cuteviper7858.near,ilovetofu.near,148988433,2025-05-30 18:14:45
Success,5Nxi36FVgzsrKARfu9BvM4FEsdW25G543Xd4sfqPDvQ9,useModel,0.0,0.0009960063066677,cuteviper7858.near,ilovetofu.near,148988443,2025-05-30 18:14:51
Success,F3eX9afAS3xE8Wr3MmesfnUx8trYWjXAaE3pj2tC3E6r,useModel,0.0,0.0009904775242973,cuteviper7858.near,ilovetofu.near,148988454,2025-05-30 18:14:57
Success,GsBduqTbGH2wQ8coBRtfuHY5KD6hcjzREVYi5Rcgkvby,useModel,0.0,0.0009960063066677,cuteviper7858.near,ilovetofu.near,148988465,2025-05-30 18:15:04
Success,6hVbadtfaSwHq5ibhFBofFVHCzT56XtSzNpimLqD3Hy8,useModel,0.0,0.0009877131331121,cuteviper7858.near,ilovetofu.near,148988475,2025-05-30 18:15:10
Success,9aHwC2UdqbRSDDqDf5WqXKjbzndNBK5Bf5sL2ayHesFu,useModel,0.0,0.0009904775242973,cuteviper7858.near,ilovetofu.near,148988485,2025-05-30 18:15:16
Success,Hz6Lsf5zNwpkiCfdHg2BbaxCSqMsk3paURAXFCyR23Lr,subscribe,1.0,0.0010603707085982,sadram5355.near,ilovetofu.near,148988615,2025-05-30 18:16:35
Success,4vMdLVJ5JFYA7UK85hvVsFTjMNKcUYd5uVjCiPxgT7LS,useModel,0.0,0.0009904045561265,sadram5355.near,ilovetofu.near,148988641,2025-05-30 18:16:51
Success,9mh4ZaKH1g7Lbjh63FxeApHJXci4efGAS6xSjjbH3xFo,useModel,0.0,0.0009959333384969,sadram5355.near,ilovetofu.near,148988651,2025-05-30 18:16:57
Success,EuJr2rfhRcqErFpDEXMQs4f7vyFcmy1FBKts4SEF5Gzq,useModel,0.0,0.0009959333384969,sadram5355.near,ilovetofu.near,148988661,2025-05-30 18:17:04
Success,4fYXWrPeqyQJiLW8WETSWW12cenngm3at8oaJDTYETEc,useModel,0.0,0.0009904045561265,sadram5355.near,ilovetofu.near,148988671,2025-05-30 18:17:10
Success,6KkqqFFfLd2W4ck1ZZNfVVvZ9AL2PoiZ1gteJWKN7K7s,useModel,0.0,0.0009904045561265,sadram5355.near,ilovetofu.near,148988681,2025-05-30 18:17:16
Success,AgrMAN8sgE8ijMceM5J57ViZ1DFa2fm9sawhBkDjahJA,useModel,0.0,0.0009959333384969,sadram5355.near,ilovetofu.near,148988691,2025-05-30 18:17:22
Success,4gRKDxxhB2tLxWJ4fi4zJKY2aF3UNH7iJ8dkpfY5YuAR,useModel,0.0,0.0009959333384969,sadram5355.near,ilovetofu.near,148988701,2025-05-30 18:17:28
Success,FV2Vuy9qFjSgUczSFBVa1NBp6wi4kTzY8UJeNw6PPtdW,subscribe,1.0,0.0010675401414824,happyzip5035.near,ilovetofu.near,148988773,2025-05-30 18:18:12
Success,GRXFnoDgkvBpepGREj2GcVAj71RuutFGck3qrKWXjpTF,useModel,0.0,0.0009904752788597,happyzip5035.near,ilovetofu.near,148988803,2025-05-30 18:18:30
Success,ESxofhZzcEr3rYjyFa3TX2soczJvrX8dP5HmDqJzohdd,useModel,0.0,0.0009960040612301,happyzip5035.near,ilovetofu.near,148988813,2025-05-30 18:18:36
Success,GJUS5JJ6Nv6kR7gB9BjqJfzRGCY6SnZjqtLAHR7Mei7Y,useModel,0.0,0.0009904752788597,happyzip5035.near,ilovetofu.near,148988822,2025-05-30 18:18:41
Success,CcMjwa4FYh9LM8Dqxb63fBju5v6yPMNJmLNrSe5ZjZS4,useModel,0.0,0.0009877108876745,happyzip5035.near,ilovetofu.near,148988831,2025-05-30 18:18:47
Success,CqVfRBBhPbQgCUEwWtmfVXfxDqEJESeXgPbWcYhJj8AH,useModel,0.0,0.0009904752788597,happyzip5035.near,ilovetofu.near,148988842,2025-05-30 18:18:53
Success,4cBcVTfFz3Umu2NtZEdSNirAwdz2wu5EW57fVeC1AsfH,useModel,0.0,0.0009960040612301,happyzip5035.near,ilovetofu.near,148988851,2025-05-30 18:18:59
Success,7EN4cv31MtrMRdXFNfSNbs9s7pYMeVgSLpd3oy9z58Jw,useModel,0.0,0.0009960040612301,happyzip5035.near,ilovetofu.near,148988863,2025-05-30 18:19:06
Success,EPCxBbxRAadSXEFaR8g68xgKdousJ4jSK2EHzboGCd58,useModel,0.0,0.0009960040612301,happyzip5035.near,ilovetofu.near,148988873,2025-05-30 18:19:12
Success,FjoCSdLhs3NGGoABcSussPU4Y4tmQ8qCJnyz5um5DVQB,subscribe,1.0,0.0010675624035068,swiftzest2015.near,ilovetofu.near,148989014,2025-05-30 18:20:38
Success,BZkhtuJdhue35iHoPBw3Yyn3YGBVbvtDfnu6bhxTiRGJ,useModel,0.0,0.0009877094307101,swiftzest2015.near,ilovetofu.near,148989044,2025-05-30 18:20:56
Success,4WaShVj3PLBKz1fvqP9wZPxswuYvHBhcAyDrTSoNBGbM,useModel,0.0,0.0009960026042657,swiftzest2015.near,ilovetofu.near,148989055,2025-05-30 18:21:03
Success,89moWkKSsFEUBtpqWZKjF6bGnwKnj8LYphwiTnXJgQ1n,useModel,0.0,0.0009960026042657,swiftzest2015.near,ilovetofu.near,148989065,2025-05-30 18:21:09
Success,JAMjgSC1tXRw24uKEUuKHDtFKpSzREgQ7xwRXeUM8Hby,useModel,0.0,0.0009904738218953,swiftzest2015.near,ilovetofu.near,148989074,2025-05-30 18:21:14
Success,3PH7q1hNpUVJFszowZhfnZ9Lzww2tfnpx9LufXgrNRUN,useModel,0.0,0.0009904738218953,swiftzest2015.near,ilovetofu.near,148989083,2025-05-30 18:21:20
Success,DvR12evvoQVtrQyNzwHT1pnsY83E4GciBYTapGCadp46,useModel,0.0,0.0009960026042657,swiftzest2015.near,ilovetofu.near,148989092,2025-05-30 18:21:25
Success,9K9nQ4gJqyuSNnUs8rBnkaEqRFemGRdMFwKNczWJYBoH,useModel,0.0,0.0009960026042657,swiftzest2015.near,ilovetofu.near,148989101,2025-05-30 18:21:31
Success,2NBbr3JLog3frgzmQxwFwJLEDqwPvDu2CRZdxgrHwyY4,useModel,0.0,0.0009904738218953,swiftzest2015.near,ilovetofu.near,148989114,2025-05-30 18:21:39
Success,HgJFky5dLd4JG4QhLERWVt8wkw2Sd3MLv7MMQmN2HwMM,useModel,0.0,0.0009904738218953,swiftzest2015.near,ilovetofu.near,148989124,2025-05-30 18:21:45
Success,3bQRJXP1yDEwv5Fdo7rsNgVMGBd4DEFHZiag9whwn8wS,useModel,0.0,0.0009904738218953,swiftzest2015.near,ilovetofu.near,148989134,2025-05-30 18:21:51
Success,q9fDqN98TU5sASijEtBciQNZFm4itd9bAP8FEFkJoN4,subscribe,1.0,0.0010659499041974,broadsalt9199.near,ilovetofu.near,148989234,2025-05-30 18:22:50
Success,BuKYv5TTWVAjLAfKHxMY5UA8vypLy4azN1tZGkASSnX2,useModel,0.0,0.0009960063066677,broadsalt9199.near,ilovetofu.near,148989263,2025-05-30 18:23:08
Success,9STkZNpd9FeRvHKBE2pqHTNHAj7EQhxB2L9BNG5meRy,useModel,0.0,0.0009877131331121,broadsalt9199.near,ilovetofu.near,148989273,2025-05-30 18:23:14
Success,EJiyaz7RyUfWVMxbEUQ1WvoWt1aXvdvNjVMUjWZtSrT1,useModel,0.0,0.0009904775242973,broadsalt9199.near,ilovetofu.near,148989282,2025-05-30 18:23:20
Success,BneTw1wR4xbjVaZNHP3o3ZCaSAttNvuSM7UxYxJwA5kP,useModel,0.0,0.0009904775242973,broadsalt9199.near,ilovetofu.near,148989291,2025-05-30 18:23:25
Success,7rRGLxXuNF6wQRZ2GRy4nH85fkwVEiJuciS6F14cTnTW,useModel,0.0,0.0009960063066677,broadsalt9199.near,ilovetofu.near,148989302,2025-05-30 18:23:32
Success,5hA1RwPwahodVJoUW4Ky6BQ9x13695RkEt2WP53QEpBE,useModel,0.0,0.0009960063066677,broadsalt9199.near,ilovetofu.near,148989313,2025-05-30 18:23:39
Success,CRrKLzkiyDBiTbJikPNHgBd81jYVQgW6DTj1pgW1uneM,TRANSFER,1.1,4.46365125e-05,ilovetofu.near,whitenecktie9064.near,148990721,2025-05-30 18:37:57
Success,Hzwp1euaa9X7fb4uaGKwbi5Yn9jVLhtwBY1Kp5XwnoiJ,TRANSFER,1.1,4.46365125e-05,ilovetofu.near,weirdarena4746.near,148990749,2025-05-30 18:38:14
Success,6VTvejcQGBeLdgY5HnSHjzKXyRwUbMJELkPHmEum6AWe,TRANSFER,1.1,4.46365125e-05,ilovetofu.near,happylynx5832.near,148990770,2025-05-30 18:38:28
Success,FxibmnNsYTJMHTkf2zR3XnapNVzPyaLsNRzzdBySotVe,TRANSFER,1.1,4.46365125e-05,ilovetofu.near,sooncheese9146.near,148990789,2025-05-30 18:38:40
Success,oEnwJvHma2DmKgV3TneLXuKxtDUCFL3GPb1K836NnNj,subscribe,1.0,0.0010588553333444,whitenecktie9064.near,ilovetofu.near,148990873,2025-05-30 18:39:31
Success,7uHf56niXasNSqRfV9FFg9NLWmzjybwHQJfKjEF8qsoq,useModel,0.0,0.0009960247261157,whitenecktie9064.near,ilovetofu.near,148990900,2025-05-30 18:39:48
Success,2xNawPkRSEuFcKMD7pQp2F1xN4A3Jkc6P8VZ2wcf3aRc,useModel,0.0,0.0009960247261157,whitenecktie9064.near,ilovetofu.near,148991005,2025-05-30 18:40:52
Success,6BFPwUFtGSV7Df3HpNEixiaiE5QFYtJ44jMku8awgVun,useModel,0.0,0.0009960247261157,whitenecktie9064.near,ilovetofu.near,148991014,2025-05-30 18:40:58
Success,31ANABWSFh3QUYFsZFBdivPAr41bPci6yMt5QDLTcwpB,useModel,0.0,0.0009960247261157,whitenecktie9064.near,ilovetofu.near,148991023,2025-05-30 18:41:03
Success,3fKKt3edAhwq24wvSEWMQrgnfbKYF3GqNhC36U36Jhcc,useModel,0.0,0.0009960247261157,whitenecktie9064.near,ilovetofu.near,148991033,2025-05-30 18:41:09
Success,9uxEHRojB5oe3Jf2HFy7QrRwvMeXZ5mAZ7sHhwcdjpyA,useModel,0.0,0.0009960247261157,whitenecktie9064.near,ilovetofu.near,148991104,2025-05-30 18:41:52
Success,9NCjnadZ84RqZqpwBs7VUDbtbYEUzt2E5jFi1TyCgYkY,useModel,0.0,0.0009960247261157,whitenecktie9064.near,ilovetofu.near,148991121,2025-05-30 18:42:02
Success,8ysQmP5kwbN5o4UwKbhqTj67t4BLDHoU9wka6e9cqQJk,useModel,0.0,0.0009960247261157,whitenecktie9064.near,ilovetofu.near,148991132,2025-05-30 18:42:09
Success,3h7iQa9zP3QBXFMSQRKkjaLQtk6KNRy6KrxwVo4HoCAf,useModel,0.0,0.0009960247261157,whitenecktie9064.near,ilovetofu.near,148991143,2025-05-30 18:42:15
Success,GD7k2HjniXsALQMky9bXZq9FF1eVVBEFuqJXf3QfLMe1,useModel,0.0,0.0009960247261157,whitenecktie9064.near,ilovetofu.near,148991153,2025-05-30 18:42:22
Success,5oKQnBq3BANHPHSB4YejSq6UC2fKLBfLs7DwCY1efVVV,subscribe,1.0,0.001057150317413,derek2403x.near,ilovetofu.near,148991366,2025-05-30 18:44:31
Success,6hZBHwDH9YH4UzUCSUZoXEcoeBDGQVK7Sig7V5MGixqB,subscribe,1.0,0.0010707759658172,happylynx5832.near,ilovetofu.near,148991568,2025-05-30 18:46:34
Success,6Kbg8zk9bDYEw9u3sM34rVCRQazYad5nX8UMTmmgQ91X,useModel,0.0,0.0009960117368573,happylynx5832.near,ilovetofu.near,148991985,2025-05-30 18:50:50
Success,H9rexG3jB3ShaeUQM2X8FFqpNhbK5KdQF2PpNd1djk63,useModel,0.0,0.0009960117368573,happylynx5832.near,ilovetofu.near,148991995,2025-05-30 18:50:56
Success,5yhdESk8r9bkDStTadGHz6cokcyrsqN8weGDamyjCPLC,useModel,0.0,0.0009960117368573,happylynx5832.near,ilovetofu.near,148992005,2025-05-30 18:51:02
Success,7hztRegwcZjh6t3CrUkuHqn1GK8dcFZXtry4SzmGe5HR,useModel,0.0,0.0009904829544869,happylynx5832.near,ilovetofu.near,148992016,2025-05-30 18:51:09
Success,T2wGbsUdjDBjDptczecjo3mta1guKbdpZBaMnatyEkz,subscribe,1.0,0.00105945420788,b0295de098510871f845a7aa74d0ac50149a630a382a23e974f7961b2ae40dfd,ilovetofu.near,148992091,2025-05-30 18:51:54
Success,J5NdonC81jZsWX9Rj8FyYjFotUhZ8gWBmwkUaN7tS2rm,useModel,0.0,0.0009960807180617,b0295de098510871f845a7aa74d0ac50149a630a382a23e974f7961b2ae40dfd,ilovetofu.near,148992117,2025-05-30 18:52:10
Success,E13sPv83Z74gCWjVDP3VsErkrcp9JjzG2qk7CMdZxAt,useModel,0.0,0.0009960807180617,b0295de098510871f845a7aa74d0ac50149a630a382a23e974f7961b2ae40dfd,ilovetofu.near,148992131,2025-05-30 18:52:18
Success,DxcHJxCmbCg9x4pEATBCcQnP81thymWqkPA9cpTgsj9F,useModel,0.0,0.0009960807180617,b0295de098510871f845a7aa74d0ac50149a630a382a23e974f7961b2ae40dfd,ilovetofu.near,148992140,2025-05-30 18:52:24
Success,DFdxjA9tHciw2oqLCwhCm378Gij2gjX7CBmKt17tsVZs,useModel,0.0,0.0009960807180617,b0295de098510871f845a7aa74d0ac50149a630a382a23e974f7961b2ae40dfd,ilovetofu.near,148992150,2025-05-30 18:52:30
Success,F2gndxoYdeELdmTKtfBgFvJQww1oBrdq2Rs7K9U2tdkR,useModel,0.0,0.0009960807180617,b0295de098510871f845a7aa74d0ac50149a630a382a23e974f7961b2ae40dfd,ilovetofu.near,148992158,2025-05-30 18:52:35
Success,AxJFmQFm9UzRcw9c3A58mWNny9HVqBUgAmEQqADRCuAN,useModel,0.0,0.0009960807180617,b0295de098510871f845a7aa74d0ac50149a630a382a23e974f7961b2ae40dfd,ilovetofu.near,148992168,2025-05-30 18:52:41
Success,4vcjWnyrCLF67d8wSf9yZcvvgsB9oNekFYg34EdtznbE,subscribe,1.0,0.001067573805152,weirdarena4746.near,ilovetofu.near,148992300,2025-05-30 18:54:01
Success,5J4vyeaAtfKkKRYGMoP1h64yEw8RVUwBZjr8DPNTCd4i,useModel,0.0,0.0009959585285405,weirdarena4746.near,ilovetofu.near,148992327,2025-05-30 18:54:18
Success,3C1kDzwWryhe9n4dwkDMhMmERv1iYAeaGvtXBm2WwhKv,useModel,0.0,0.0009959585285405,weirdarena4746.near,ilovetofu.near,148992337,2025-05-30 18:54:24
Success,9EZySuRNeurcECiwGstkAsHe1JasFKbNELBiHZERXRQ7,useModel,0.0,0.0009959585285405,weirdarena4746.near,ilovetofu.near,148992347,2025-05-30 18:54:30
Success,DyLNCHN2YoCB25HWCYNpRyEwc1ExzaS7HZGAeKSGQtC2,useModel,0.0,0.0009904297461701,weirdarena4746.near,ilovetofu.near,148992356,2025-05-30 18:54:35
Success,Gcmh88oQp4m1JCvWd6CHwG9KK6ippXgv2VPiAg2YfGAd,useModel,0.0,0.0009959585285405,weirdarena4746.near,ilovetofu.near,148992365,2025-05-30 18:54:41
Success,7fTeFTAZHpwVJbn5t7PeP5xhAddpGrC8t6sF8kDcrin6,subscribe,1.0,0.0010659453790394,smoothram5872.near,ilovetofu.near,148992374,2025-05-30 18:54:46
Success,AvhGeZapUqwewUn3RSQJb97h7VBTUuiiMTp2aBCjo1gH,useModel,0.0,0.0009959585285405,weirdarena4746.near,ilovetofu.near,148992375,2025-05-30 18:54:47
Success,BcyrUFbju7gbSUzXvExQSF1UgnzXWxWN1Zs2u3dZFcoU,useModel,0.0,0.0009959585285405,weirdarena4746.near,ilovetofu.near,148992384,2025-05-30 18:54:52
Success,6WmgdLvEfCTY8SthzNsWqdEpjxik2Q9yyyESVDWR42rD,useModel,0.0,0.0009960063066677,smoothram5872.near,ilovetofu.near,148992397,2025-05-30 18:55:00
Success,Dc5Rp2FwJcuAwoe5qfKj35TLG4cP6wQTVmeLwfJy4jg,useModel,0.0,0.0009960063066677,smoothram5872.near,ilovetofu.near,148992406,2025-05-30 18:55:06
Success,HhHNWCvChwTSTdwSLPM1td1WWWth3WBETYKzdWbamVcn,useModel,0.0,0.0009960063066677,smoothram5872.near,ilovetofu.near,148992415,2025-05-30 18:55:11
Success,4ieXR796jZUvbr5FcCEnqTxyx1i1KAtDd2ciTnoWhbcv,useModel,0.0,0.0009960063066677,smoothram5872.near,ilovetofu.near,148992425,2025-05-30 18:55:17
Success,GsB1pPT1UHPTFnJ9xogEBZZ8cHmSzQAA8VkNHe4pGzM5,useModel,0.0,0.0009960063066677,smoothram5872.near,ilovetofu.near,148992434,2025-05-30 18:55:23
Success,8bGzrm5WqG2HFyxFu1N6qXq6UfxPW79fT77Zz97xV4DH,useModel,0.0,0.0009904775242973,smoothram5872.near,ilovetofu.near,148992443,2025-05-30 18:55:28
Success,Ghon6kAnUQAwPTmno8u9rqeTHt1RLCMwrA61KQ8waFQP,subscribe,1.0,0.0010620495479396,sooncheese9146.near,ilovetofu.near,148992479,2025-05-30 18:55:50
Success,9mbmKp9K8tvg5sX7wv9bp6dfDHH5jkEBsnf9J4rKsTGk,useModel,0.0,0.0009904840480661,sooncheese9146.near,ilovetofu.near,148992507,2025-05-30 18:56:07
Success,69sHzySCFfSsYJknxcsKphULskbPFZntUainCrFFbtxp,useModel,0.0,0.0009904840480661,sooncheese9146.near,ilovetofu.near,148992517,2025-05-30 18:56:13
Success,GE3vHMG2hnoaQfN8etYaFUArXmgfbM7WtuPkbWpi4sF9,useModel,0.0,0.0009960128304365,sooncheese9146.near,ilovetofu.near,148992527,2025-05-30 18:56:19
Success,GkzwYR4rQuvgGqnmER3VpJ8qf43zZxF194pfcG7fYxyH,useModel,0.0,0.0009877196568809,sooncheese9146.near,ilovetofu.near,148992536,2025-05-30 18:56:25
Success,FVFvMaL8qWZCVaMtxHayKfGfdL9nHb2r8sEDUvygfpJk,useModel,0.0,0.0009960128304365,sooncheese9146.near,ilovetofu.near,148992548,2025-05-30 18:56:32
Success,E3iHTu9YomZiNozkXKAXpySHtqCNYtX9Hhtj9u7Xma2F,useModel,0.0,0.0009904840480661,sooncheese9146.near,ilovetofu.near,148992557,2025-05-30 18:56:37
Success,FPqLsKvdnyVK463H7ZYmN7JMTjpQiUYaLgAimXvZ8H8W,subscribe,1.0,0.0010620779459708,squareisland7201.near,ilovetofu.near,148992636,2025-05-30 18:57:25
Success,94QVQ6q23LRzshr2ziHnZhfF9kzqMWrtAwvabZbUfkZp,subscribe,1.0,0.0010588291567544,cheapquery1151.near,ilovetofu.near,148992660,2025-05-30 18:57:40
Success,5VdWPoTPeWYimDNSzAWZmhNMsMkNkEUA8UsSQvo32ceR,useModel,0.0,0.0009904922413433,squareisland7201.near,ilovetofu.near,148992662,2025-05-30 18:57:41
Success,7QkXvhjUhWfXPUb9HDa4V6859W7M2Wf4a19Q4XEVSHyp,useModel,0.0,0.0009904922413433,squareisland7201.near,ilovetofu.near,148992671,2025-05-30 18:57:47
Success,3wLW9bGEsnx9RoorU2FaM2v3D5xY3Vk3FzZVjoRCaEc1,useModel,0.0,0.0009904922413433,squareisland7201.near,ilovetofu.near,148992681,2025-05-30 18:57:53
Success,6Xa2wo9W747RkKKdJF1DbXK1wRLS8i6XWFX3mcZZ8Gwa,useModel,0.0,0.0009960128304365,cheapquery1151.near,ilovetofu.near,148992683,2025-05-30 18:57:54
Success,HwZKz1gE8hj4n6Rky2kfDhEKc3XCKx5xqAbV6CZXSzvm,useModel,0.0,0.0009960210237137,squareisland7201.near,ilovetofu.near,148992690,2025-05-30 18:57:58
Success,5VTrcWpTV8PLnQsg8bZpE71Rs57SxRnkXFhc7sATKzwn,useModel,0.0,0.0009960128304365,cheapquery1151.near,ilovetofu.near,148992693,2025-05-30 18:58:00
Success,Dd8gHNKa73zt5N5qZFwP1rhhgEmbercrLA37EMtrrC82,useModel,0.0,0.0009960210237137,squareisland7201.near,ilovetofu.near,148992699,2025-05-30 18:58:03
Success,8bPZSH3D2m4N832FELhaLU3ep37M41xvXSUwzEJR1cgo,useModel,0.0,0.0009960128304365,cheapquery1151.near,ilovetofu.near,148992702,2025-05-30 18:58:05
Success,C7kpFYUoGam9ykG35sDiXJU9FHbiBXYr28H98UtfuF5K,useModel,0.0,0.0009960210237137,squareisland7201.near,ilovetofu.near,148992709,2025-05-30 18:58:10
Success,8kAZAqVgCJPCBZE1Yc8cJB2gwLvxFGHKxS7oF24Qz3w2,useModel,0.0,0.0009960128304365,cheapquery1151.near,ilovetofu.near,148992712,2025-05-30 18:58:11
Success,ES73DWE8WZvbsem45ofU7158CBdgxFPZL1Svp1RUc7iL,useModel,0.0,0.0009960210237137,squareisland7201.near,ilovetofu.near,148992718,2025-05-30 18:58:15
Success,AimEED9ngg6wfiLKRJNhPCghvdiXzh3qn3hpfWWtCzmK,useModel,0.0,0.0009904840480661,cheapquery1151.near,ilovetofu.near,148992722,2025-05-30 18:58:18
Success,HbtmcKyXaUyR7Jworq4c4grc2KGy5A3s26s9svTg4oEh,subscribe,1.0,0.001062731816729,otherkilt9684.near,ilovetofu.near,148992941,2025-05-30 19:00:31
Success,4Zo3qMt3RS1itFjcxChnta4EVPxhzBJJpAVupmRWjmeD,useModel,0.0,0.0009960063066677,otherkilt9684.near,ilovetofu.near,148992982,2025-05-30 19:00:56
Success,HBNMQWUMTZ98K3BwJx81GwUuqf1FPUJUjoVJPTPoYiUr,useModel,0.0,0.0009904775242973,otherkilt9684.near,ilovetofu.near,148992993,2025-05-30 19:01:03
Success,8o6sDt48XwLF6wF5FWgznPxVnP4VRChCbBn94FK2pMfA,useModel,0.0,0.0009904775242973,otherkilt9684.near,ilovetofu.near,148993003,2025-05-30 19:01:09
Success,78pxTQRyyPD51bphsyVCrCsMEeitFS4ybeLYHStvjvkC,useModel,0.0,0.0009877131331121,otherkilt9684.near,ilovetofu.near,148993012,2025-05-30 19:01:14
Success,EzAsCEdYaerC3Z8CoczfMkfgoPfHHTWtThpsrairpBUR,useModel,0.0,0.0009960063066677,otherkilt9684.near,ilovetofu.near,148993021,2025-05-30 19:01:20
Success,FN27Ni8uobqBvKnZUYj2A9357Y1XBHskg6WYmvW71MEf,TRANSFER,6.0,4.46365125e-05,ilovetofu.near,oldpant486.near,148993097,2025-05-30 19:02:06
Success,HV95YT9BehW7qPYBGyXVotT2sttwkbDzkL6yiPiwhboM,subscribe,1.0,0.0010588246315964,modernzone4033.near,ilovetofu.near,148993121,2025-05-30 19:02:20
Success,CPc8mCeaa9vC6AwA8z7aqrHGVDujFZU2j2h9T5xbdmbU,useModel,0.0,0.0009904840480661,modernzone4033.near,ilovetofu.near,148993169,2025-05-30 19:02:50
Success,Eymtoi87qVXijPkCbZnWHKB2BQv5Tp7zrXPzJ5rBz23f,useModel,0.0,0.0009960128304365,modernzone4033.near,ilovetofu.near,148993179,2025-05-30 19:02:56
Success,FytozAP5b1bVG8boLtRZAME7vurq3ArVoYzSKb3o3JWr,useModel,0.0,0.0009960128304365,modernzone4033.near,ilovetofu.near,148993188,2025-05-30 19:03:01
Success,2XiPCzVdfCcfc4TwEeFhNyYn8sHWuVw3NtGEP1dvi3Tw,useModel,0.0,0.0009960128304365,modernzone4033.near,ilovetofu.near,148993196,2025-05-30 19:03:06
Success,J8kP94V7e2NCc42QFrrsgWzgRXNvAi6o4pLw2wjRRGzn,useModel,0.0,0.0009904840480661,modernzone4033.near,ilovetofu.near,148993207,2025-05-30 19:03:13
Success,6AWfbxBsAX8MsyWi6eVVxUrJcEvvGT4v5PjfmF2e8yg2,subscribe,1.0,0.001064355635408,grandvilla5263.near,ilovetofu.near,148993355,2025-05-30 19:04:43
Success,2CeaTt1rbPHKHXvvK2yg9sq3htT15QoUeBHHrFXp6ipy,useModel,0.0,0.0009904840480661,grandvilla5263.near,ilovetofu.near,148993460,2025-05-30 19:05:48
Success,7Uc86m3azHnbp6NzWSm8LUsriy92pza1Yxs364L25uWo,useModel,0.0,0.0009960128304365,grandvilla5263.near,ilovetofu.near,148993489,2025-05-30 19:06:05
Success,8PYpYpYDQHb56aFnPQRLGZB147732bkhQm9AENfJMc69,useModel,0.0,0.0009960128304365,grandvilla5263.near,ilovetofu.near,148993498,2025-05-30 19:06:11
Success,CvSTCByWFc9VdpoU6YuBfqGsCSRTwdDiU2tpREKkpxyv,useModel,0.0,0.0009960128304365,grandvilla5263.near,ilovetofu.near,148993508,2025-05-30 19:06:17
Success,DnaYFz4pwXqbhdw97vdpoPwbnQ7mVBviuf5okEiswBW6,useModel,0.0,0.0009960128304365,grandvilla5263.near,ilovetofu.near,148993529,2025-05-30 19:06:30
Success,3n7hLMQSV8Q3vhnutMK4MQSsiJxRi9p22Dz77MBEHUmZ,useModel,0.0,0.0009877196568809,grandvilla5263.near,ilovetofu.near,148993538,2025-05-30 19:06:35
Success,Fgm3EaLPVNNHysnhzchSVQ1AbLPqV7MB8yVcf44gQwob,subscribe,1.0,0.0010627117761458,flatfile5181.near,ilovetofu.near,148993614,2025-05-30 19:07:22
Success,8bM119f7sFMfEL6c51GL7nduYhNfzf8nz73A9SynNx3o,useModel,0.0,0.0009960040612301,flatfile5181.near,ilovetofu.near,148993643,2025-05-30 19:07:39
Success,Bvi5aguqx6Z2NP9PM23UcDokvWdGvfWQbXekRPX3XBSE,useModel,0.0,0.0009960040612301,flatfile5181.near,ilovetofu.near,148993653,2025-05-30 19:07:45
Success,54e3Gp8RajRejpMQqrXTSyNsfyzaibWvP8afheWYEnB8,useModel,0.0,0.0009960040612301,flatfile5181.near,ilovetofu.near,148993662,2025-05-30 19:07:51
Success,433QBnkRFAqHu6awdF4Mr5FYRiYsejzLpPm4LhjdZ54N,useModel,0.0,0.0009960040612301,flatfile5181.near,ilovetofu.near,148993671,2025-05-30 19:07:56
Success,8p9M41s4CMouhDYJnaBBFQ7fBYiXq2cjjYkKEye9vkd7,useModel,0.0,0.0009960040612301,flatfile5181.near,ilovetofu.near,148993680,2025-05-30 19:08:02
Success,2Q75QyZFkbP68KQCoLJGGRF4rUhucTwcQXZLYjf6KL13,subscribe,1.0,0.0010643242754552,lowestate143.near,ilovetofu.near,148993864,2025-05-30 19:09:54
Success,HdX48gfXFockWj5ATib9j3y8Z1DPCLp9mCEtXzFB33oS,useModel,0.0,0.0009904698486701,lowestate143.near,ilovetofu.near,148993929,2025-05-30 19:10:34
Success,37dTJVKJhmTtHWDPsjDH2QPyoQ1n6VzWQ4VF5UpfkK4e,useModel,0.0,0.0009904698486701,lowestate143.near,ilovetofu.near,148993938,2025-05-30 19:10:39
Success,7uUtritAuVr3vDo7kXKxuiX32hEdyk7dn6kWD9eCmHDP,useModel,0.0,0.0009959986310405,lowestate143.near,ilovetofu.near,148993948,2025-05-30 19:10:46
Success,FRi53abHkMpTLUkGomtCdt6f6THEAVhWqdPTwcP8enTC,useModel,0.0,0.0009959986310405,lowestate143.near,ilovetofu.near,148993957,2025-05-30 19:10:51
Success,Fxf1mjEwqngfXjqKsXTwJjCmiXtDVuPfctkhmsMwpy8E,useModel,0.0,0.0009959986310405,lowestate143.near,ilovetofu.near,148993966,2025-05-30 19:10:56
Success,EYwLLsUSEF6zTgnJDLydULgjzHRhswy7izUk7R82jp6C,subscribe,1.0,0.0010659453790394,narrowelk1256.near,ilovetofu.near,148994042,2025-05-30 19:11:43
Success,2JWtCQNuAP5BXtTf44FJQ3f8Lp37WdUWQZhMStD19WE3,useModel,0.0,0.0009960063066677,narrowelk1256.near,ilovetofu.near,148994104,2025-05-30 19:12:21
Success,4aXbxRXV55yyShxfDbN37yA5skRWRcHSw9i1cJqtkFs2,useModel,0.0,0.0009960063066677,narrowelk1256.near,ilovetofu.near,148994113,2025-05-30 19:12:26
Success,CMNuxBUrmJ3yzGmxKwxtGfdFBQuqq9zHct122BELZvw7,useModel,0.0,0.0009960063066677,narrowelk1256.near,ilovetofu.near,148994122,2025-05-30 19:12:32
Success,7it2W2Magkm9oAaemG7UH7PMjhErx9rCuyCd26gUnf26,subscribe,1.0,0.0010643242754552,fastwasp7118.near,ilovetofu.near,148994201,2025-05-30 19:13:20
Success,DPfxs2ugFhzbZNYSoPxs5J7fDJjDAAZ3N57PhY2Tqdd6,useModel,0.0,0.0009904698486701,fastwasp7118.near,ilovetofu.near,148994240,2025-05-30 19:13:44
Success,ATs8Fp7Sjf9hwDQfEsscbKJrLu4PU1AkoVmMLggmUyMg,useModel,0.0,0.0009959986310405,fastwasp7118.near,ilovetofu.near,148994249,2025-05-30 19:13:50
Success,6Uc72za6atnBVKDGSZEsroJghCyk8fbevPWSSS7WaRwi,useModel,0.0,0.0009904698486701,fastwasp7118.near,ilovetofu.near,148994259,2025-05-30 19:13:56
Success,GpQ6ymgWq3ZVYoCYPi8yYgjzu7vPtUfPvh1wjDGinjQD,useModel,0.0,0.0009959986310405,fastwasp7118.near,ilovetofu.near,148994268,2025-05-30 19:14:01
Success,E3j1FaY3R7qiCaphAJHiRQWwpZVGDWygBAKK6Q11zq9G,subscribe,1.0,0.001060373012315,warmos3613.near,ilovetofu.near,148994356,2025-05-30 19:14:55
Success,qxUNBLvmPBkkVbdoRvMCRBWu4GsbriEqYebnedKARX1,useModel,0.0,0.0009876944668373,warmos3613.near,ilovetofu.near,148994394,2025-05-30 19:15:18
Success,JDGmWtvKKMsfUpqG4cLyZPjhQLayQ9FhrmJPYKMtSFwa,useModel,0.0,0.0009959876403929,warmos3613.near,ilovetofu.near,148994404,2025-05-30 19:15:24
Success,HKBP2uZeCKYWawu1EzyensgJfG8m7WJKgR2utaXM9Tf9,useModel,0.0,0.0009959876403929,warmos3613.near,ilovetofu.near,148994455,2025-05-30 19:15:55
Success,J7eVEoMs42TsyurpqkF5s1E4UYPh5XznuqB4WSeChUtG,useModel,0.0,0.0009904588580225,warmos3613.near,ilovetofu.near,148994473,2025-05-30 19:16:06
Success,4DBgVPg4Dtc5dC3XNKZbcf4B1eXiqaojYJDf9PdX64E5,subscribe,1.0,0.0010643060449352,thinmoth416.near,ilovetofu.near,148994572,2025-05-30 19:17:06
Success,XFKTjFBZ8LrDvXniG79j13TzB3kENRXSLwDp7V7HcmR,useModel,0.0,0.0009960241124801,thinmoth416.near,ilovetofu.near,148994608,2025-05-30 19:17:28
Success,ChRfWwFamwff2ZRXytFYbN7PoHpBC1ryj8erhkWbCRDr,useModel,0.0,0.0009904953301097,thinmoth416.near,ilovetofu.near,148994619,2025-05-30 19:17:35
Success,74kiRj228eA5Dx9K2Lk5pAwJu8BieUtFHEiiWLZAvzWd,useModel,0.0,0.0009960241124801,thinmoth416.near,ilovetofu.near,148994630,2025-05-30 19:17:41
Success,2BdbzyTPvzXaP8nhoFCW2TZsVMij93hdVEFLsXyS9mC3,useModel,0.0,0.0009960241124801,thinmoth416.near,ilovetofu.near,148994648,2025-05-30 19:17:52
Success,wtkux21mSFaxpbNtVsADhXdY16aWyCvSxfpE6tJywa6,subscribe,1.0,0.0010643219717384,funmouse3779.near,ilovetofu.near,148994780,2025-05-30 19:19:13
Success,AHePxorrZDaGWpNTU5hwhbFfdPdqYVKLzMgWU392cpRC,useModel,0.0,0.0009959986310405,funmouse3779.near,ilovetofu.near,148994825,2025-05-30 19:19:41
Success,EEXbBTjtCHxmP9jSfMAfstzdQwL38HWn3MbRRkhDRfWb,useModel,0.0,0.0009959986310405,funmouse3779.near,ilovetofu.near,148994838,2025-05-30 19:19:48
Success,HjJze5eeurvq4XoQ4GJC5fCoHgxuxrkDG4EGv8dmkbaR,useModel,0.0,0.0009959986310405,funmouse3779.near,ilovetofu.near,148994851,2025-05-30 19:19:56
Success,5FiF57Wms7W6dBkFHwJDnErXWoyAZA69H3QfzQGrUg46,useModel,0.0,0.0009904698486701,funmouse3779.near,ilovetofu.near,148994914,2025-05-30 19:20:34
Success,3d4La6dzbikjTgvprn1UUtLQ5NHh7Gih3Q6VFvrJbfbu,subscribe,1.0,0.0010659344710478,slowcity6811.near,ilovetofu.near,148994991,2025-05-30 19:21:21
Success,HFMcA2H6gYcYH4VNWQEviJQwLvWnvgVh68B6F7zxvpfK,useModel,0.0,0.0009904698486701,slowcity6811.near,ilovetofu.near,148995051,2025-05-30 19:21:57
Success,7BF45pAEQhbUGXKeCPvafaDAZ3CAvuJ7Hhn8aA2qHtM5,useModel,0.0,0.0009904698486701,slowcity6811.near,ilovetofu.near,148995061,2025-05-30 19:22:03
Success,BhutVxtHYzwEHmk9ifp1nsHk3VsBCCJVwYUck5t8mwfg,useModel,0.0,0.0009959986310405,slowcity6811.near,ilovetofu.near,148995070,2025-05-30 19:22:09
Success,35BfQmR919PpdPgERyiUYLciqHPMiuRRRmWmL63fB5ER,useModel,0.0,0.0009959986310405,slowcity6811.near,ilovetofu.near,148995083,2025-05-30 19:22:17
Success,EqxEUAhrtN235SMQF8G2mr2QneWF6wSevKFhiD7YvnaP,useModel,0.0,0.0009959986310405,slowcity6811.near,ilovetofu.near,148995093,2025-05-30 19:22:23
Success,9H7DQAHSToXX8T9gLeHtycDvDcjasyohzvWUqmUix8BF,useModel,0.0,0.0009959986310405,slowcity6811.near,ilovetofu.near,148995121,2025-05-30 19:22:40
Success,BNs2uP1g12TVKdTQKEHY6NYfJJcoF27umCALMhksWKPx,useModel,0.0,0.0009959986310405,slowcity6811.near,ilovetofu.near,148995131,2025-05-30 19:22:46
Success,HsPgRF9YoDKPyAv1ccRMQoKjq1Ecf7R3ZpDY8dT2NPwW,useModel,0.0,0.0009904698486701,slowcity6811.near,ilovetofu.near,148995142,2025-05-30 19:22:52
Success,596UF5vudiYNvGeuDjBFmrXoFfzo76oAYGgfY71A87sD,useModel,0.0,0.0009904698486701,slowcity6811.near,ilovetofu.near,148995186,2025-05-30 19:23:19
Success,BPRzyE9oJ7XhBDdg99AKY7Hsvj1AsqE13ysT3n6QSCaM,useModel,0.0,0.0009959986310405,slowcity6811.near,ilovetofu.near,148995198,2025-05-30 19:23:27
Success,4kRSvFngo3o9LZiCyTLtLfbdYG7ku8pYZBhKJ1MGUf9T,useModel,0.0,0.0009959986310405,slowcity6811.near,ilovetofu.near,148995223,2025-05-30 19:23:42
Success,BezVypthf5zcPMT3QSLbv28DNXbjR622haL7EQNpY878,useModel,0.0,0.0009959986310405,slowcity6811.near,ilovetofu.near,148995233,2025-05-30 19:23:48
Success,C7GTKS9XjUb9zkNWUMN4nKbNCu2ippUKCj27jQdutqn2,useModel,0.0,0.0009959986310405,slowcity6811.near,ilovetofu.near,148995265,2025-05-30 19:24:07
Success,2LANqSQJjYTFYSabgZLCD6TnqTmpEts88EHfF59zA9H2,useModel,0.0,0.0009959986310405,slowcity6811.near,ilovetofu.near,148995276,2025-05-30 19:24:14
Success,4XKA2ab8mnYEzfqovkadkq5YzWPpNgFMa5mbZgYdYpyF,useModel,0.0,0.0009904698486701,slowcity6811.near,ilovetofu.near,148995292,2025-05-30 19:24:24
Success,CwPNhhPeQsD7sjQdaCiyGteGaC7aTyGmrSniS7sqK1HE,useModel,0.0,0.0009959986310405,slowcity6811.near,ilovetofu.near,148995302,2025-05-30 19:24:30
Success,5K89LEUvbWdDZfYyoSh9bk7fcbsvwNFYHDK8yeArsGXD,useModel,0.0,0.0009904698486701,slowcity6811.near,ilovetofu.near,148995311,2025-05-30 19:24:35
Success,ABi8WJi5cMqst7hNgK83CtD3aY7nYar5HeRpvW5vLP7o,useModel,0.0,0.0009904698486701,slowcity6811.near,ilovetofu.near,148995319,2025-05-30 19:24:40
Success,Gdf1gGs1XztVyumJjjExknfmrc2VcguEcRK3nCpe63nH,useModel,0.0,0.0009904698486701,slowcity6811.near,ilovetofu.near,148995328,2025-05-30 19:24:45
Success,BZvcyEnq4G8LCmXJuaifNvc95nZngpjrNkvkxwWuRYNG,useModel,0.0,0.0009959986310405,slowcity6811.near,ilovetofu.near,148995338,2025-05-30 19:24:51
Success,9jNyAiGk6KHoHhc2E8WRCkAfBrgHPcMupZKkzjgxBPMF,useModel,0.0,0.0009959986310405,slowcity6811.near,ilovetofu.near,148995347,2025-05-30 19:24:57
Success,H9AvxcFa13iFH7YVfyfdgMhqQ8wpSGuvsBcF3TPPgT1j,subscribe,1.0,0.0010707759658172,swiftkilt5142.near,ilovetofu.near,148995438,2025-05-30 19:25:52
Success,H4rbbWmzECMtH2cWu3sNHqRQLzTd4YPGXQ47iUWMpzn2,useModel,0.0,0.0009904775242973,swiftkilt5142.near,ilovetofu.near,148995508,2025-05-30 19:26:36
Success,CqBVjgknC5wybvSdma1wZjD2WitqcRHeehRcciGKf9CR,useModel,0.0,0.0009904775242973,swiftkilt5142.near,ilovetofu.near,148995519,2025-05-30 19:26:42
Success,Fdr6NAsAgEejuZYjrerpnNUUSqdw5XPStMz49xnhpFZv,useModel,0.0,0.0009904775242973,swiftkilt5142.near,ilovetofu.near,148995529,2025-05-30 19:26:48
Success,6XoSistaHRdzmstRKoFLtNtyG5RvkoJo6k8bSsTJD1Bw,useModel,0.0,0.0009904775242973,swiftkilt5142.near,ilovetofu.near,148995544,2025-05-30 19:26:57
Success,8ghfaDTqkv8i2WroMiuMhFh9QbjBKtt5DZ2UoDFWttFt,useModel,0.0,0.0009960063066677,swiftkilt5142.near,ilovetofu.near,148995555,2025-05-30 19:27:04
Success,6vmV3ogbTQnTKPwvPfMtnq8rEoLPR4zim4jVBrbxEvzX,useModel,0.0,0.0009960063066677,swiftkilt5142.near,ilovetofu.near,148995566,2025-05-30 19:27:11
Success,5wzMBT3hEtUqwJ4ShbbFwSfshojeSFMHMXR2ybvncVQc,useModel,0.0,0.0009877131331121,swiftkilt5142.near,ilovetofu.near,148995592,2025-05-30 19:27:27
Success,4NDxyUVJ8uX6TNDgDGbguSfv7WS7mx4nHp6ff9UALsPu,useModel,0.0,0.0009960063066677,swiftkilt5142.near,ilovetofu.near,148995618,2025-05-30 19:27:43
Success,9CFwu3yF1jvF6MyxUN9H2aPy7D8ALZmduXAvx9noWFvE,useModel,0.0,0.0009960063066677,swiftkilt5142.near,ilovetofu.near,148995645,2025-05-30 19:27:59
Success,HeEs1D6KUhYB1YPk9xZzgJGHxFf2P3YFWPWMfFVGCy9C,useModel,0.0,0.0009904775242973,swiftkilt5142.near,ilovetofu.near,148995655,2025-05-30 19:28:05
Success,34MqAyTg6ehxzhBqphe5eNbfo7vCF2EtvcQTTnbniPtr,useModel,0.0,0.0009960063066677,swiftkilt5142.near,ilovetofu.near,148995672,2025-05-30 19:28:16
Success,svK3iGPtrWvvXVcA7WuRZkq4UEeiSmyQbNBUAftuZJm,useModel,0.0,0.0009904775242973,swiftkilt5142.near,ilovetofu.near,148995691,2025-05-30 19:28:27
Success,8kKQEe1tvxtU8nZ5udt6UH7ccubNUek4cK9TTVcGhqQk,subscribe,1.0,0.0010659522079142,closedish6308.near,ilovetofu.near,148996014,2025-05-30 19:31:47
Success,HNKuDy2PNYqek4RkqqE7whQ9SsvBSVfswG4h8fnbAv6r,useModel,0.0,0.0009960063066677,closedish6308.near,ilovetofu.near,148996043,2025-05-30 19:32:05
Success,7jwrQoG2sH9R5mo7PtjBZEQkbvwD6kqRg2qLtGwr4UM6,useModel,0.0,0.0009960063066677,closedish6308.near,ilovetofu.near,148996075,2025-05-30 19:32:24
Success,H8ZvYK21Mgftj25H4TqyfkRWmpd1MjF67WN5ZF4MKebq,useModel,0.0,0.0009904775242973,closedish6308.near,ilovetofu.near,148996091,2025-05-30 19:32:34
Success,BCabBHmuy7whd2pxazLpZVLKrJWv78Kxr6TWYHgVxv89,useModel,0.0,0.0009877131331121,closedish6308.near,ilovetofu.near,148996100,2025-05-30 19:32:40
Success,HLEPEj6bdfkeU1HkqHXAY9jRJrsnHHMMLKH59wknFXf4,useModel,0.0,0.0009960063066677,closedish6308.near,ilovetofu.near,148996111,2025-05-30 19:32:46
Success,3HYx12YaGm54Af8BFtQQQ5URqMDfCpY4N1yhkNeGgSYy,useModel,0.0,0.0009904775242973,closedish6308.near,ilovetofu.near,148996119,2025-05-30 19:32:51
Success,A4HGY3uz72B67bZUJH3EqUX95skhs69LPSPpGLgjeJbf,useModel,0.0,0.0009960063066677,closedish6308.near,ilovetofu.near,148996129,2025-05-30 19:32:57
Success,872MXmDLDgNH3vxuk31Es9kWpnatpHgNNcMkXXVsE888,useModel,0.0,0.0009904775242973,closedish6308.near,ilovetofu.near,148996137,2025-05-30 19:33:02
Success,4JUBWju4hQgKfzkwDn27NSDWeGEqeFquQCX5hNmxQbbT,subscribe,1.0,0.0010643351834468,wrongrice8149.near,ilovetofu.near,148996203,2025-05-30 19:33:42
Success,BBpuMQyQYa5Mt3HcJEoMNh9kasMJ3JMeiAFKmxWBnaGL,useModel,0.0,0.0009960063066677,wrongrice8149.near,ilovetofu.near,148996232,2025-05-30 19:34:00
Success,GsVUy6bYwwKLP16CfWNPiB5DdQPt1ehXz32T5k8cMgYp,useModel,0.0,0.0009960063066677,wrongrice8149.near,ilovetofu.near,148996267,2025-05-30 19:34:21
Success,DPsCXK8TyAK478m4FxBvkLCwJwGgqo29n6GvFregyUXA,useModel,0.0,0.0009960063066677,wrongrice8149.near,ilovetofu.near,148996291,2025-05-30 19:34:36
Success,5YQZLPToC6TXi1JqYnzLjrCo1yQ8hLPmByVx8EAbJAVf,useModel,0.0,0.0009904775242973,wrongrice8149.near,ilovetofu.near,148996299,2025-05-30 19:34:40
Success,6Ki4SEcfsYXnxWUzWv1i2UhsQNweBTsnYXbvHxXZdZtW,useModel,0.0,0.0009960063066677,wrongrice8149.near,ilovetofu.near,148996318,2025-05-30 19:34:52
Success,97aerirgvY2mo1ss4XToiYgTbfbEBBCN6iPms1s13iuo,subscribe,1.0,0.001070782794692,sharpmoth2484.near,ilovetofu.near,148996397,2025-05-30 19:35:40
Success,7v4UqY2LdyogFcz9wLgHQq9UN93FLeNogv3GKTGn9TFj,useModel,0.0,0.0009960058952897,sharpmoth2484.near,ilovetofu.near,148996440,2025-05-30 19:36:06
Success,78kmDWGt1hGqXJ7Qf6XLeVh7NRy56dw4LAmhqBsGdcHd,useModel,0.0,0.0009904771129193,sharpmoth2484.near,ilovetofu.near,148996461,2025-05-30 19:36:18
Success,6yDm9f3qig68YZW4nvcyCAPC1XUJ35UV2eMZghuUWGb1,useModel,0.0,0.0009960058952897,sharpmoth2484.near,ilovetofu.near,148996481,2025-05-30 19:36:30
Success,9Hs3AnYmtHBDPpXDcD9HjS9oiN3mGcTz1wiyktCKr3qP,useModel,0.0,0.0009960058952897,sharpmoth2484.near,ilovetofu.near,148996503,2025-05-30 19:36:44
Success,4sgez6ATQAZ2AsBrMMHRoyVZDLzrvRSkhUSwRGP7XmbK,useModel,0.0,0.0009960058952897,sharpmoth2484.near,ilovetofu.near,148996519,2025-05-30 19:36:53
Success,CPjy4eQzGZco8onT5USKuvAggyKm6bKreFvvZGQDcwU8,subscribe,1.0,0.0010659117153698,badcloud988.near,ilovetofu.near,148996581,2025-05-30 19:37:31
Success,F3Et8MUuAqjPbMBwZ4yp8HLiExV7swW5EqwgzPURKQj3,useModel,0.0,0.0009959921072717,badcloud988.near,ilovetofu.near,148996618,2025-05-30 19:37:54
Success,5H6haEQvgq2qnUk6qucFttYHQvYDnhMtLezzZ3fMzeHo,useModel,0.0,0.0009959921072717,badcloud988.near,ilovetofu.near,148996627,2025-05-30 19:37:59
Success,C3Lwqn69ycZAmXC8zWXbf7LLNe9zLjsQxNvF98bVSG9a,useModel,0.0,0.0009904633249013,badcloud988.near,ilovetofu.near,148996635,2025-05-30 19:38:04
Success,7ZzP2a4LK4cXW51R4SJKQQ1LaRsmjqN8yea4jAk3Du1,useModel,0.0,0.0009959921072717,badcloud988.near,ilovetofu.near,148996649,2025-05-30 19:38:12
Success,8cEhomjhzjpvvf6tVQAsHxixazdMHvr1z6HqCsNYqK5L,useModel,0.0,0.0009959921072717,badcloud988.near,ilovetofu.near,148996657,2025-05-30 19:38:17
Success,4KzT8SyP77hTcabNjyRdfnxRxwmyWLwiBwgCcJuFYHfR,useModel,0.0,0.0009959921072717,badcloud988.near,ilovetofu.near,148996674,2025-05-30 19:38:28
Success,82hH7ZU3AYh2Qzbp5C9ouP3pw1cmjNtgX28WryJd7B7M,subscribe,1.0,0.0010659162405278,bluezip2593.near,ilovetofu.near,148996738,2025-05-30 19:39:07
Success,ChNgkWjyj6TwDw4ygBY25Nb5cw2qwv2kZfpSnrtt3qgv,useModel,0.0,0.0009959378053757,bluezip2593.near,ilovetofu.near,148996772,2025-05-30 19:39:28
Success,BHDuBxrqY8z5QYqwpg44Rx89qPHzKjvoJs65XjrjpWfB,useModel,0.0,0.0009904090230053,bluezip2593.near,ilovetofu.near,148996781,2025-05-30 19:39:33
Success,47uogc9JmuBNSXbr9xWc22KBZH8mGfTmS729cu2UTSZu,useModel,0.0,0.0009959378053757,bluezip2593.near,ilovetofu.near,148996790,2025-05-30 19:39:39
Success,DuvbMs6RK7hiAC6DAYLyGkrJ6SJeqzjdX9jTGxKvm4Lq,useModel,0.0,0.0009959378053757,bluezip2593.near,ilovetofu.near,148996801,2025-05-30 19:39:45
Success,GdAicL4qozF3NZrnG7DEQ89a4oBX6PQYoS2nFi2BHDqa,useModel,0.0,0.0009959378053757,bluezip2593.near,ilovetofu.near,148996829,2025-05-30 19:40:03
Success,EF7LWZrE8wALYurpfccLbCH75JXMHhmhTA7oLc2DKwQd,useModel,0.0,0.0009959378053757,bluezip2593.near,ilovetofu.near,148996837,2025-05-30 19:40:08
Success,DaWrLmsFCo26KG5eeLaMx3hj97iMLJPbDy8BqPewKF83,useModel,0.0,0.0009959378053757,bluezip2593.near,ilovetofu.near,148996845,2025-05-30 19:40:13
Success,GV6ifJuSbXkpkNhoGx5MGg5jNxAdWYyH3x26CvvxKUMK,subscribe,1.0,0.001062731816729,quietgrain646.near,ilovetofu.near,148996929,2025-05-30 19:41:04
Success,UVJFNC4KRJkoqm5Hg2jCGQXYZXVU3KanvTmthdM8z69,useModel,0.0,0.0009960063066677,quietgrain646.near,ilovetofu.near,148997036,2025-05-30 19:42:09
Success,Y485wxbnyiydruVFbhXAqFPRph1U7XxvPUJgBfKnqzv,useModel,0.0,0.0009904775242973,quietgrain646.near,ilovetofu.near,148997045,2025-05-30 19:42:15
Success,7HMHD3yhmzZeVuMGPXH2kJKNK21Ho8nzpHWgNJAXhwCd,useModel,0.0,0.0009960063066677,quietgrain646.near,ilovetofu.near,148997053,2025-05-30 19:42:19
Success,CF3V7vcxGwu4XUqKRPZZtApMiGiVdw9khCWpBTpyZya2,useModel,0.0,0.0009960063066677,quietgrain646.near,ilovetofu.near,148997061,2025-05-30 19:42:24
Success,7uyXsTVEd9cJefBPZa5w43BRy8yYUEYa4n4SqT9488F2,useModel,0.0,0.0009904775242973,quietgrain646.near,ilovetofu.near,148997069,2025-05-30 19:42:29
Success,CyBmx1DLqmgrW4m3MH5UEKBL3eZhXAXAtFjBhytYN4Te,useModel,0.0,0.0009960063066677,quietgrain646.near,ilovetofu.near,148997172,2025-05-30 19:43:32
Success,DrjwZa3eVYuKSZoBcUKzaWpmsBusshppirrBFkkruFDT,useModel,0.0,0.0009960063066677,quietgrain646.near,ilovetofu.near,148997181,2025-05-30 19:43:38
Success,HknnxcjNjGdiEbLoFTa6Je33Z9QirnP6j6QygxiHqPWo,useModel,0.0,0.0009960063066677,quietgrain646.near,ilovetofu.near,148997190,2025-05-30 19:43:43
Success,ERDqdJHXw3NmqmF9so2KLNBcJvMhx3C2zPTs8LBHRDBA,useModel,0.0,0.0009960063066677,quietgrain646.near,ilovetofu.near,148997199,2025-05-30 19:43:49
Success,Ef4Pm8zC3BgbN7aXS2kERxdUNjVNP3uXDpcsPmNbXZ4u,TRANSFER,0.0,0.0009960063066677,quietgrain646.near,ilovetofu.near,148997209,2025-05-30 19:43:55
Success,BJHkcUqPQgTJqfEqb2Txc731Mdc6Z64mfAtTAPQGY1fZ,subscribe,1.0,0.0010675378377656,steepegg4074.near,ilovetofu.near,148997289,2025-05-30 19:44:43
Success,Af3J16U5SKXq4LCaS4sQFpdYCCvxvg7VCqXGVm6g5wk,useModel,0.0,0.0009959986310405,steepegg4074.near,ilovetofu.near,148997313,2025-05-30 19:44:58
Success,4d8A4X8UhN1bTZ8L66AJTT1VA5LiYZfGzLLCKjkjme3b,useModel,0.0,0.0009904698486701,steepegg4074.near,ilovetofu.near,148997324,2025-05-30 19:45:05
Success,D2mo1aDrsaqSsUuy7aUgyNCX2E6E6kc3Vxic1BX18MGT,useModel,0.0,0.0009904698486701,steepegg4074.near,ilovetofu.near,148997332,2025-05-30 19:45:10
Success,AmZbSk9Tqf3wf9jbXfcPPqnjR2aPLUijH4vgzKXeoSsc,useModel,0.0,0.0009959986310405,steepegg4074.near,ilovetofu.near,148997344,2025-05-30 19:45:17
Success,Fey42rP4esTZkK21Ye1diPQ3ZMmKdNTAqBvFhifrSrDH,useModel,0.0,0.0009959986310405,steepegg4074.near,ilovetofu.near,148997352,2025-05-30 19:45:22
Success,4R5epWRr6iS6sAkoJ4yHj9kFbzZis9DsmVTygGAQgu3n,useModel,0.0,0.0009904698486701,steepegg4074.near,ilovetofu.near,148997360,2025-05-30 19:45:27
Success,DENVe1oNg2yBYqVMc1rMimGSGGzPgHTnyNC9kFK7zsK5,useModel,0.0,0.0009959986310405,steepegg4074.near,ilovetofu.near,148997368,2025-05-30 19:45:32
Success,Ai34XLVBrQh9r2ViBjg4aRcxnDHXpKjv2Gc56ECSwtNV,useModel,0.0,0.0009877054574849,steepegg4074.near,ilovetofu.near,148997379,2025-05-30 19:45:38
Success,BbUV7WzfR6QZcXZAH1X7auvZeTqcRQz4HjL48D5i27cw,useModel,0.0,0.0009959986310405,steepegg4074.near,ilovetofu.near,148997390,2025-05-30 19:45:45
Success,J9L5iBEiW7dCYforscrRVWFEeAbv75BsmzW9ApF1NpE3,useModel,0.0,0.0009904698486701,steepegg4074.near,ilovetofu.near,148997398,2025-05-30 19:45:50
Success,2Fp42xpFEroWvtb4RTUVNvDNbiim9MixKZtnwYDgctpr,useModel,0.0,0.0009959986310405,steepegg4074.near,ilovetofu.near,148997409,2025-05-30 19:45:57
Success,9qguofZMZBc1u7MjtvxxEJZxYfaW9fPYRtd68AKs24YZ,useModel,0.0,0.0009904698486701,steepegg4074.near,ilovetofu.near,148997503,2025-05-30 19:46:53
Success,958mvk8v4WfdjcyVbkC45pKrGfWxMD1gh711GpcGDayk,useModel,0.0,0.0009959986310405,steepegg4074.near,ilovetofu.near,148997529,2025-05-30 19:47:09
Success,Dx4Wdv4jqHQmQphnVgzhhYEg46zqXRcxtuoHswtFBRZS,useModel,0.0,0.0009877054574849,steepegg4074.near,ilovetofu.near,148997577,2025-05-30 19:47:38
Success,5H8ZSHFLsyFXzTEpMzCXJ7QTWX1rbjSSxQZJDvXsskFY,subscribe,1.0,0.0010643197502972,realjail7321.near,ilovetofu.near,148997635,2025-05-30 19:48:13
Success,7hMcQkFniz4uPRcdxm8ruqUm7g5JjTNUiaHKKP1y6GWD,useModel,0.0,0.0009959986310405,realjail7321.near,ilovetofu.near,148997687,2025-05-30 19:48:45
Success,295ptpubtcr23jnBHb7Enk3KXskBzUAqHa4FCVXecKi7,useModel,0.0,0.0009959986310405,realjail7321.near,ilovetofu.near,148997696,2025-05-30 19:48:50
Success,7xXq1MwwTvDyKaVshu6J2rndjadDXiaUQcbxC7jLuqrN,useModel,0.0,0.0009959986310405,realjail7321.near,ilovetofu.near,148997704,2025-05-30 19:48:55
Success,HTzyg2UMeZMQVNuiYJEnZRrWsq14z8dnWG3qtuusC9mL,useModel,0.0,0.0009904698486701,realjail7321.near,ilovetofu.near,148997713,2025-05-30 19:49:00
Success,CXowEUhKgMDLDQHEzYnT28gi6wrfRps2CR2nPF86twC,useModel,0.0,0.0009959986310405,realjail7321.near,ilovetofu.near,148997722,2025-05-30 19:49:06
Success,Sd6qjpqC7i9zGuZvC2yXpXENkUokGnHs4vEjkPTWry5,useModel,0.0,0.0009877054574849,realjail7321.near,ilovetofu.near,148997730,2025-05-30 19:49:10
Success,7aDdu7fuBBYbhm1TqR1e3HbtaaCvtFnAPZE3nLeaeuXt,useModel,0.0,0.0009959986310405,realjail7321.near,ilovetofu.near,148997744,2025-05-30 19:49:19
Success,A1mUAKq7ANgD8KJhosnXm81m5VLZbN3QYZbZ3zieuBjR,useModel,0.0,0.0009877054574849,realjail7321.near,ilovetofu.near,148997758,2025-05-30 19:49:28
Success,EHk6EZ8TQKQmLNGUtjSNpot5HzoCtrihALrTpWSSfmgD,useModel,0.0,0.0009904698486701,realjail7321.near,ilovetofu.near,148997780,2025-05-30 19:49:41
Success,9Kn7PJiyqQa7kHgHsZ7M9pqATGAkbUo262unbmGfuEoQ,subscribe,1.0,0.001065927642173,goodhare4401.near,ilovetofu.near,148997845,2025-05-30 19:50:20
Success,8xoQVL2eTFH7Ncd1d94nb6FTt6iQutDs5gLs1ijJcYAH,useModel,0.0,0.0009959986310405,goodhare4401.near,ilovetofu.near,148997875,2025-05-30 19:50:39
Success,4ansSxNMDWCmyQBfokGjjPTNKECRCHDWXtqNSP5jL5rv,useModel,0.0,0.0009959986310405,goodhare4401.near,ilovetofu.near,148997895,2025-05-30 19:50:51
Success,64iq6CFACuyEUaZ8sY42mD2SJREUKYZGPig9sKiE6dQK,useModel,0.0,0.0009959986310405,goodhare4401.near,ilovetofu.near,148997908,2025-05-30 19:50:59
Success,CxBjhGfQBYc5pmUFHcNKqHnrMyFFf915ZJP35Fhav78u,useModel,0.0,0.0009959986310405,goodhare4401.near,ilovetofu.near,148997921,2025-05-30 19:51:07
Success,7hwtXyv5G5teCb85ChHenR6VvgGmRd8d1NgmcaXf4B2Y,useModel,0.0,0.0009959986310405,goodhare4401.near,ilovetofu.near,148997930,2025-05-30 19:51:12
Success,CPJ9DnzqbhjjpReq2SHPmPHmdGzG7DtJCgG2o7Rz5J1o,useModel,0.0,0.0009959986310405,goodhare4401.near,ilovetofu.near,148997937,2025-05-30 19:51:17
Success,Fqb7abn915Hzwn2zDjevkTbuMz75KYDrQHF4XpRxUz7S,useModel,0.0,0.0009959986310405,goodhare4401.near,ilovetofu.near,148997944,2025-05-30 19:51:21
Success,H4nCpXZuGeJw1zVoEEtC3FfkxxBdbxKd1goSa5Xq7NFz,useModel,0.0,0.0009959986310405,goodhare4401.near,ilovetofu.near,148997965,2025-05-30 19:51:34
Success,3XbBKTkEf5UiPxdJkVNpEAwkDkJdsZfRYZpK3bYsZ8yK,subscribe,1.0,0.0010608389329994,wetwasp4415.near,ilovetofu.near,148998026,2025-05-30 19:52:10
Success,51jNYDgL7tEUVFWfPHRw5c8yMjz494uEjETDt9fcyXAg,useModel,0.0,0.0009959975374613,wetwasp4415.near,ilovetofu.near,148998056,2025-05-30 19:52:29
Success,HqrZGGAAkYyNV3oUErcqsp2QHL5NUysdYSt5kc2zvCHR,useModel,0.0,0.0009959975374613,wetwasp4415.near,ilovetofu.near,148998065,2025-05-30 19:52:34
Success,3TeiSxWNWLgiG3bJTRq3s3AS1rwqNHd7hFLcPN7Vt9Wy,useModel,0.0,0.0009959975374613,wetwasp4415.near,ilovetofu.near,148998073,2025-05-30 19:52:39
Success,GYbR9payFkBHsaxoyibmpRC7arxuSzD4Y3ncHacHMiWF,useModel,0.0,0.0009959975374613,wetwasp4415.near,ilovetofu.near,148998081,2025-05-30 19:52:44
Success,CU5XiyfL5jHc3x2a74Psqngtk9c4p24HBu3XErDq5bT5,useModel,0.0,0.0009959975374613,wetwasp4415.near,ilovetofu.near,148998090,2025-05-30 19:52:49
Success,BZ1vP3aYD4tGJaSawCGThmK4a6Jx79f2YSSoXvJF19th,useModel,0.0,0.0009959975374613,wetwasp4415.near,ilovetofu.near,148998099,2025-05-30 19:52:55
Success,fs7KxXsk5L7fzjn7L6zFgMm1zeGPbJS7sByQCEf8cNL,useModel,0.0,0.0009959975374613,wetwasp4415.near,ilovetofu.near,148998108,2025-05-30 19:53:00
Success,6696eapjaFQTXoBgHJG4edkcdjRTiBjNfMjVXkHdxWnn,subscribe,1.0,0.0010652540123216,sweetnewt5382.near,ilovetofu.near,148998223,2025-05-30 19:54:10
Success,2DuXfnDsiDjDsnD9NCWYSTVajkzhy6M1VCU2eqf6fLLD,useModel,0.0,0.0009904775242973,sweetnewt5382.near,ilovetofu.near,148998271,2025-05-30 19:54:39
Success,9GkzhKxaFR42gnbM4i2ncbGPMBakAMrM3wBzidHZq7V9,useModel,0.0,0.0009960063066677,sweetnewt5382.near,ilovetofu.near,148998280,2025-05-30 19:54:45
Success,hfMUhw9jKCXS5m8c7V6hKrMFyJKFBkvg4hUs1qcqFUX,useModel,0.0,0.0009904775242973,sweetnewt5382.near,ilovetofu.near,148998289,2025-05-30 19:54:51
Success,CFkjQkymKu7eDUMzKSs6mEUUPk737jXEee4TaBsYEwsK,useModel,0.0,0.0009960063066677,sweetnewt5382.near,ilovetofu.near,148998298,2025-05-30 19:54:56
Success,8zpwoWsFmo7e3fhBUHHnfXRB8vzQSGHe9geYmKPPKgeT,useModel,0.0,0.0009960063066677,sweetnewt5382.near,ilovetofu.near,148998308,2025-05-30 19:55:02
Success,BkVscrjTSPX7kEjmzK8V9WHBkFMaSm6nxKtqBXBE4YgR,useModel,0.0,0.0009960063066677,sweetnewt5382.near,ilovetofu.near,148998316,2025-05-30 19:55:07
Success,4AMMnUYyCMVHyDBHv9K3Vs98qRiKp4G9kV8CsPCuCZcS,useModel,0.0,0.0009960063066677,sweetnewt5382.near,ilovetofu.near,148998324,2025-05-30 19:55:12
Success,B8LZPczPdBQvGa2Y52npSXHJkUu9h5dMB2uRnULUqGda,subscribe,1.0,0.0010643351834468,quietkale8937.near,ilovetofu.near,148998490,2025-05-30 19:56:53
Success,EssugKRvjXkRfo7tMSTod694c5vPBknsuddDeMfExr6H,useModel,0.0,0.0009960063066677,quietkale8937.near,ilovetofu.near,148998514,2025-05-30 19:57:08
Success,EedcNFUG93CPFYuXZSe3kt8z2owgocaRXQUtVukg9NQJ,useModel,0.0,0.0009960063066677,quietkale8937.near,ilovetofu.near,148998522,2025-05-30 19:57:13
Success,CToGGuGq1Jk5MyhTYgJJ6hN6VuponMRBy3pQmMV5emF7,useModel,0.0,0.0009904775242973,quietkale8937.near,ilovetofu.near,148998530,2025-05-30 19:57:19
Success,2EKvBeTQiAstWHGbQUUNf1DxYjA6exUdJA9FiAaYsVfv,useModel,0.0,0.0009960063066677,quietkale8937.near,ilovetofu.near,148998538,2025-05-30 19:57:23
Success,3bnNo5bfNruNVLzijdsJtF1Gfv378Vk1onB2BXGt4xtQ,useModel,0.0,0.0009960063066677,quietkale8937.near,ilovetofu.near,148998547,2025-05-30 19:57:29
Success,9yympkQrFnDf5nuv6TwAmxTdxUzogZmqG1ky7SSSGXrX,useModel,0.0,0.0009904775242973,quietkale8937.near,ilovetofu.near,148998555,2025-05-30 19:57:33
Success,FSBKCPFqeCYKsZSN7hPZJVZ5LhLphLQfiCTvwDJ7qbFf,useModel,0.0,0.0009904775242973,quietkale8937.near,ilovetofu.near,148998580,2025-05-30 19:57:49
Success,9rihbuq3FKKZWTFskDAWzQPwUSX1pYMrKoyucTgqbQB8,useModel,0.0,0.0009904775242973,quietkale8937.near,ilovetofu.near,148998599,2025-05-30 19:58:00
Success,66sGht1UHLnuWyuwGYypMVom6ijBqwYj7bJfoeKux2Kx,subscribe,1.0,0.0010675578783488,manypalace657.near,ilovetofu.near,148998718,2025-05-30 19:59:13
Success,FCDhVdUzFe8wy9fn66h6BiMYQmBQeKBAiM8bwZqRsoMw,useModel,0.0,0.0009960063066677,manypalace657.near,ilovetofu.near,148998741,2025-05-30 19:59:27
Success,EBXN1bj6GVo3xRvDaMYLESjYnFkhhBuLCRLgsCZp1UZG,useModel,0.0,0.0009960063066677,manypalace657.near,ilovetofu.near,148998752,2025-05-30 19:59:34
Success,AgwzueChy1hhw7YiFLaNTvjJfZ4egT5udK4uGiP7BHhn,useModel,0.0,0.0009960063066677,manypalace657.near,ilovetofu.near,148998760,2025-05-30 19:59:38
Success,FG3zidPHAVVCE98nzBVqvFzbf2ABQLVX64u52uW3yQmv,useModel,0.0,0.0009960063066677,manypalace657.near,ilovetofu.near,148998768,2025-05-30 19:59:43
Success,5pUWtoW85s54kwZRs3YSAvuCXmkoxY4txoF7ZE7o5kJd,useModel,0.0,0.0009960063066677,manypalace657.near,ilovetofu.near,148998777,2025-05-30 19:59:49
Success,5kSuV5xyM9JDgN8hVeijA3XJA1BdiVF1ZkVgqNpxBhEx,useModel,0.0,0.0009904775242973,manypalace657.near,ilovetofu.near,148998785,2025-05-30 19:59:53
Success,DKLJDmTDcrAGnZLnu4NxQR9WnGDyMMss6TKzTu35EbGC,useModel,0.0,0.0009960063066677,manypalace657.near,ilovetofu.near,148998793,2025-05-30 19:59:58
Success,6HtLSkmf2f3MtbUNimTBwCJdBRV3kK1L6ttomiTUmoPq,useModel,0.0,0.0009960063066677,manypalace657.near,ilovetofu.near,148998948,2025-05-30 20:01:34
Success,8UDLujPqFgBy5heufFvBiA9yQVXhKiXxttR9Sy89GQNj,useModel,0.0,0.0009904775242973,manypalace657.near,ilovetofu.near,148998957,2025-05-30 20:01:40
Success,DF7t86i9sEZcvqSWRG9vbrFAkMKhqLqvCrnukDvArrvf,useModel,0.0,0.0009960063066677,manypalace657.near,ilovetofu.near,148998965,2025-05-30 20:01:45
Success,8VGWa87QtLLJaqbsiWdZvtsy5rj1ukKczCc1fcW9Eb1h,useModel,0.0,0.0009904775242973,manypalace657.near,ilovetofu.near,148998973,2025-05-30 20:01:49
Success,9M4t6ngmwVfnJABGE8dzncqS569qEjemi1eBtir5MLLq,useModel,0.0,0.0009960063066677,manypalace657.near,ilovetofu.near,148998982,2025-05-30 20:01:55
Success,59aG7L6HgjbaZP6wUHDGYxvPTovSDLNjEVRcgMfJyqvw,subscribe,1.0,0.0010588087047932,darkstreet504.near,ilovetofu.near,148999097,2025-05-30 20:03:05
Success,Ao3e5rAhgbPpEueeJBQ2zfA8wQpykes8NvS8uRGfpx4m,useModel,0.0,0.0009877131331121,darkstreet504.near,ilovetofu.near,148999140,2025-05-30 20:03:32
Success,GveZnQ23CgfMoEQ3VDT3BhUc4juu29dKMkZcVQEtkQuZ,useModel,0.0,0.0009877131331121,darkstreet504.near,ilovetofu.near,148999156,2025-05-30 20:03:42
Success,7HjES7wMLW4acprVvSzWipMhga2ujGgoq7dCqUsjeVag,useModel,0.0,0.0009960063066677,darkstreet504.near,ilovetofu.near,148999164,2025-05-30 20:03:46
Success,EM1ZicYzceBHQo3Lidwkphpw1kSsXAytVHcCuKSAtm8b,useModel,0.0,0.0009904775242973,darkstreet504.near,ilovetofu.near,148999172,2025-05-30 20:03:51
Success,4DwiT4ifQ5kpRjjUXcY2cZU8ziLWTiAwYU56357gVGun,useModel,0.0,0.0009960063066677,darkstreet504.near,ilovetofu.near,148999181,2025-05-30 20:03:57
Success,gXKQMsR8b6yC2Y95N3utowcMvdVi7uhV6YDEStGY3GM,useModel,0.0,0.0009877131331121,darkstreet504.near,ilovetofu.near,148999189,2025-05-30 20:04:02
Success,5jPApFme4biZP6hp8Y1jSC2tTfzej4nmKxzdgnyQskVB,subscribe,1.0,0.001067573805152,normalhost2802.near,ilovetofu.near,148999515,2025-05-30 20:07:21
Success,9CjSShQjuZGy5R28iREj7Eny9qN53cXxyi2JFFMD5vPA,useModel,0.0,0.0009904840480661,normalhost2802.near,ilovetofu.near,148999538,2025-05-30 20:07:35
Success,AezJ2RAq5Xk66xTftG6RZ9HB6FrxezsZGPsEFjzidp38,useModel,0.0,0.0009960128304365,normalhost2802.near,ilovetofu.near,148999548,2025-05-30 20:07:41
Success,89sTuu2wEKuwfhBkV1mUQaDfyW6Ht8gqPQWXsLhHKcZz,useModel,0.0,0.0009960128304365,normalhost2802.near,ilovetofu.near,148999557,2025-05-30 20:07:46
Success,HX1TotsK5CHY1DHsui3PhTHpSn9EZxzFsscZ3HcUmsYv,useModel,0.0,0.0009960128304365,normalhost2802.near,ilovetofu.near,148999566,2025-05-30 20:07:52
Success,44Eh8YmKoCitTnhSHuv7VdnizNhCL1A473exW1EEaeiv,useModel,0.0,0.0009960128304365,normalhost2802.near,ilovetofu.near,148999574,2025-05-30 20:07:57
Success,65m5PRQsYnvxNDvLaBAvhjZiWfGckreuGJ8qiKhGez8F,useModel,0.0,0.0009904840480661,normalhost2802.near,ilovetofu.near,148999636,2025-05-30 20:08:35
Success,7u77hu59aHWmuHc6DGmByyLVMwERYyxtBc5wQ2ZDrtgE,useModel,0.0,0.0009960128304365,normalhost2802.near,ilovetofu.near,148999644,2025-05-30 20:08:39
Success,4kPXHZsKMz7FLzVXJHRqwN5X1txatnefsJwQ6aB82kmL,useModel,0.0,0.0009960128304365,normalhost2802.near,ilovetofu.near,148999652,2025-05-30 20:08:44
Success,2QNnVBAXBS2jPBJnfuQx7HW3Dcitx6GrBk1idi8YCBp1,useModel,0.0,0.0009960128304365,normalhost2802.near,ilovetofu.near,148999660,2025-05-30 20:08:49
Success,EwXWFiUzEuMh4rwwx4gNQt6qHyMPSBPTx9rABfjV2KRo,subscribe,1.0,0.00106201588427,smallegg4682.near,ilovetofu.near,148999915,2025-05-30 20:11:25
Success,7vyUo1K7tFZ9jcyGTYTMn9CcuTj3SvwbAoirLyWh23kn,useModel,0.0,0.0009959986310405,smallegg4682.near,ilovetofu.near,148999939,2025-05-30 20:11:40
Success,HiwtJjKXSSNjsBeWyd7zfLEMmGj3dDZdjNjADdkH2Y5X,useModel,0.0,0.0009959986310405,smallegg4682.near,ilovetofu.near,148999947,2025-05-30 20:11:45
Success,4dNHBKjiJVxNBJM2hbkMDU5MczsiZayCiqg37BppveUV,useModel,0.0,0.0009959986310405,smallegg4682.near,ilovetofu.near,148999965,2025-05-30 20:11:56
Success,7NUF39bRnwrz7SvoQktMjHt4K9pv8sKwxQfUSgonDRrd,useModel,0.0,0.0009959986310405,smallegg4682.near,ilovetofu.near,148999974,2025-05-30 20:12:01
Success,AXHxp9ct5R1gyvAa13Xa3paf4TBWVXgxcZDi7Tys9ig8,useModel,0.0,0.0009959986310405,smallegg4682.near,ilovetofu.near,148999982,2025-05-30 20:12:06
Success,ABqHL92CACh1t4UUeC6KanZxcyqyJH1FqK8Tsefzqica,useModel,0.0,0.0009904698486701,smallegg4682.near,ilovetofu.near,148999990,2025-05-30 20:12:11
Success,4LkQpYYxhzWdsdN1TzmpLXaLAgNnaUCCZCEFjYMcmnws,useModel,0.0,0.0009959986310405,smallegg4682.near,ilovetofu.near,149000003,2025-05-30 20:12:19
Success,9KAdETeJDg2sNf17BkKzji7jZwt7DHA9sduTPCDeq3PR,subscribe,1.0,0.0010643060449352,dullhost701.near,ilovetofu.near,149000374,2025-05-30 20:16:05
Success,CVjJcvPsbUvZkUAkMDuUraa1xbsjqUJnXERiCcwKRnid,useModel,0.0,0.0009904862797937,dullhost701.near,ilovetofu.near,149000405,2025-05-30 20:16:24
Success,B2cxVcfCuCWCkhaHEhxwNoZTYZMb438UTE4hMruqUUW1,useModel,0.0,0.0009960150621641,dullhost701.near,ilovetofu.near,149000416,2025-05-30 20:16:31
Success,7TAy4sgGHiBwhK7QAkNzkB6vW99x7nuUfWVCpVgVggxX,useModel,0.0,0.0009904862797937,dullhost701.near,ilovetofu.near,149000425,2025-05-30 20:16:36
Success,HHvaFS2a83UGcSyTDUdMJSXXi8gJQkj4Bnc93285m6hD,useModel,0.0,0.0009904862797937,dullhost701.near,ilovetofu.near,149000433,2025-05-30 20:16:41
Success,9EboyYzgcfxYHvxRCGkcqycqSTushvxq1TkCGoxT183W,useModel,0.0,0.0009904862797937,dullhost701.near,ilovetofu.near,149000442,2025-05-30 20:16:46
Success,24X4d8LbkrEdWpGm7VKREEeSkH2D1HuH2UhM8RQosaxj,useModel,0.0,0.0009904862797937,dullhost701.near,ilovetofu.near,149000450,2025-05-30 20:16:51
Success,5QbEvJiRUpT5qPUnd2oeMpAxnqvBbWV8atySmFfHkh6X,useModel,0.0,0.0009904862797937,dullhost701.near,ilovetofu.near,149000459,2025-05-30 20:16:57
Success,3uFn2To2vNfTTzNjNnexzCGbNdyoFCMjuHcfB8uNrFTv,useModel,0.0,0.0009960150621641,dullhost701.near,ilovetofu.near,149000538,2025-05-30 20:17:45
Success,Btpuvxw1y1VGpkYQofer6e5niL8yb7d5oPMBPnoA6KEU,useModel,0.0,0.0009960150621641,dullhost701.near,ilovetofu.near,149000549,2025-05-30 20:17:52
Success,2ypc7vr2cmQF7gM1ThpzFYTsfEttVBHtgxgwaWKm85wM,useModel,0.0,0.0009960150621641,dullhost701.near,ilovetofu.near,149000649,2025-05-30 20:18:53
Success,4FHG114MT15GTWwbto6hUNvidBXZbMCqKF3duvhozyf5,useModel,0.0,0.0009960150621641,dullhost701.near,ilovetofu.near,149000662,2025-05-30 20:19:01
Success,7j2ge4yuBpN6eN2iDZuSLMSEQeEnYD3nU5b2x3r3YHyu,useModel,0.0,0.0009904862797937,dullhost701.near,ilovetofu.near,149000843,2025-05-30 20:20:52
Success,GJqUTcd3qJZsjTsP5xroCwU6ECwRQUbWDNn3nxQvfH2u,useModel,0.0,0.0009904862797937,dullhost701.near,ilovetofu.near,149000853,2025-05-30 20:20:58
Success,29ieruGRKedC2UBLtZB7TK7Rn5KnwwYsA95rGXQHtj13,useModel,0.0,0.0009960150621641,dullhost701.near,ilovetofu.near,149000868,2025-05-30 20:21:07
Success,AgfCixkHkFXdvMzJzpeV4J86ruoc5eZBjUge6m7TyLtj,useModel,0.0,0.0009960150621641,dullhost701.near,ilovetofu.near,149000877,2025-05-30 20:21:12
Success,BFwa1pB4oXrWVSZgRMELiBgThnSDLRHUt7Y6739sk1T5,useModel,0.0,0.0009960150621641,dullhost701.near,ilovetofu.near,149000904,2025-05-30 20:21:29
Success,8nmkF4ABUNmVnHssMHgB11Dy8PrFKYQWXaghZMAf6tjJ,useModel,0.0,0.0009904862797937,dullhost701.near,ilovetofu.near,149001058,2025-05-30 20:23:03
Success,7EXXJvzPqpAhFnTQEVXEqVT6qKR3f3hhnW1gUXQbxGve,useModel,0.0,0.0009904862797937,dullhost701.near,ilovetofu.near,149001093,2025-05-30 20:23:24
Success,CwDMC3sZTp8oioRZXAVEtwbUV74jJGXTEGeVcqkEVv5F,useModel,0.0,0.0009960150621641,dullhost701.near,ilovetofu.near,149001103,2025-05-30 20:23:30
Success,3gGo2i7psG5Q4ACDFg9cGAzDkSsoexG6WSdMs3Cd28BP,useModel,0.0,0.0009960150621641,dullhost701.near,ilovetofu.near,149001158,2025-05-30 20:24:04
Success,GmK9odXsH74RaPrhsvpZqpMSWtXA8fcH4aopjnSSeXof,useModel,0.0,0.0009960150621641,dullhost701.near,ilovetofu.near,149001177,2025-05-30 20:24:15
Success,EJB6ahtSh4vdXgCwHZLXq9vk1BDMoiF5F98YGqRThzv9,useModel,0.0,0.0009904862797937,dullhost701.near,ilovetofu.near,149001189,2025-05-30 20:24:23
Success,EirFC3HecxHBxfvXdAknk7n82cwmfXbs2TNrtJXvHm7y,useModel,0.0,0.0009877218886085,dullhost701.near,ilovetofu.near,149001301,2025-05-30 20:25:31
Success,DtGfvgtAjKr4nabJh83CyUF7NG64skNCFPgujUr19kLY,useModel,0.0,0.0009960150621641,dullhost701.near,ilovetofu.near,149001372,2025-05-30 20:26:14
